Date,CreateTime,Adjused Sentiment,Symbol
3/28/2017,0:00:10,0.967049318,TSLA
3/28/2017,0:00:37,0.029047289,TSLA
3/28/2017,0:01:36,0.929694264,AAPL
3/28/2017,0:03:20,-0.860673511,TSLA
3/28/2017,0:03:21,0.982478452,FB
3/28/2017,0:06:54,0.76865407,AAPL
3/28/2017,0:07:25,-0.741164581,TSLA
3/28/2017,0:07:53,0.06051027,TSLA
3/28/2017,0:09:13,-0.029994189,TSLA
3/28/2017,0:11:57,-0.99664383,TSLA
3/28/2017,0:13:53,-0.17388505,TSLA
3/28/2017,0:14:33,0.983578022,AAPL
3/28/2017,0:16:31,-0.174909208,TSLA
3/28/2017,0:16:34,-0.186399176,TSLA
3/28/2017,0:17:05,-0.947943852,TSLA
3/28/2017,0:17:29,0.876861909,TSLA
3/28/2017,0:21:26,0.939581577,FB
3/28/2017,0:24:48,0.904038207,FB
3/28/2017,0:25:22,0.105031633,TSLA
3/28/2017,0:27:56,-0.736507477,TSLA
3/28/2017,0:28:00,0.846801931,AAPL
3/28/2017,0:28:31,0.92891145,AAPL
3/28/2017,0:31:56,0.967846971,AAPL
3/28/2017,0:37:39,0.919603317,TSLA
3/28/2017,0:37:40,0.914498719,AAPL
3/28/2017,0:37:46,0.708381429,AAPL
3/28/2017,0:38:50,0.965246801,AAPL
3/28/2017,0:40:23,0.852256239,TSLA
3/28/2017,0:43:29,-0.998956871,TSLA
3/28/2017,0:46:14,0.775241935,FB
3/28/2017,0:51:05,0.983906931,AAPL
3/28/2017,0:52:00,-0.091176099,TSLA
3/28/2017,0:53:53,0.998095336,AAPL
3/28/2017,0:59:36,0.910463037,AAPL
3/28/2017,1:00:01,0.9171395,FB
3/28/2017,1:02:51,0.749388606,TSLA
3/28/2017,1:04:52,0.881428464,AAPL
3/28/2017,1:07:22,0.147975373,FB
3/28/2017,1:11:10,0.802368215,TSLA
3/28/2017,1:14:23,0.868402136,AAPL
3/28/2017,1:19:36,-0.852069464,AAPL
3/28/2017,1:19:53,0.833026362,AAPL
3/28/2017,1:24:40,0.170427103,TSLA
3/28/2017,1:24:52,0.804606684,AAPL
3/28/2017,1:25:36,0.956487419,AAPL
3/28/2017,1:26:29,0.764169137,TSLA
3/28/2017,1:32:10,0.974709775,AAPL
3/28/2017,1:33:32,0.959948929,AAPL
3/28/2017,1:36:26,0.793960836,TSLA
3/28/2017,1:36:42,0.866108777,TSLA
3/28/2017,1:38:34,0.999598321,AAPL
3/28/2017,1:39:20,0.981175962,AAPL
3/28/2017,1:44:30,0.989271986,AAPL
3/28/2017,1:47:13,0.922343428,TSLA
3/28/2017,1:48:02,0.921027474,AAPL
3/28/2017,1:52:04,0.993017099,AAPL
3/28/2017,1:52:33,0.973356268,TSLA
3/28/2017,1:57:17,0.853141065,TSLA
3/28/2017,2:01:51,0.927147368,AAPL
3/28/2017,2:04:07,0.068625033,TSLA
3/28/2017,2:06:13,0.121318595,TSLA
3/28/2017,2:17:48,0.935854048,TSLA
3/28/2017,2:26:08,0.875726713,TSLA
3/28/2017,2:29:45,-0.17936951,AAPL
3/28/2017,2:29:56,-0.06309403,TSLA
3/28/2017,2:33:48,-0.901754253,TSLA
3/28/2017,2:36:37,0.01412849,TSLA
3/28/2017,2:37:14,0.130078609,TSLA
3/28/2017,2:37:35,0.842674433,TSLA
3/28/2017,2:38:26,0.163485673,FB
3/28/2017,2:38:33,0.03452494,TSLA
3/28/2017,2:40:39,-0.979653569,TSLA
3/28/2017,2:43:27,0.144853164,TSLA
3/28/2017,2:46:54,0.826336578,TSLA
3/28/2017,2:49:30,0.742799089,AAPL
3/28/2017,2:49:46,0.877762387,TSLA
3/28/2017,2:55:54,0.99673721,TSLA
3/28/2017,3:02:42,0.172911894,TSLA
3/28/2017,3:05:37,-0.971671175,TSLA
3/28/2017,3:05:52,0.864755429,TSLA
3/28/2017,3:07:14,0.779944797,TSLA
3/28/2017,3:09:30,0.925913133,TSLA
3/28/2017,3:11:25,0.726990106,FB
3/28/2017,3:18:17,0.999998021,TSLA
3/28/2017,3:21:57,0.841688647,TSLA
3/28/2017,3:22:38,0.00927141,TSLA
3/28/2017,3:23:15,0.794382016,TSLA
3/28/2017,3:32:12,0.826778629,TSLA
3/28/2017,3:33:14,0.763326716,TSLA
3/28/2017,3:51:36,0.750498035,TSLA
3/28/2017,3:53:02,0.851989429,TSLA
3/28/2017,3:53:55,0.896154221,AAPL
3/28/2017,3:56:48,0.825523027,TSLA
3/28/2017,4:00:20,0.993646364,AAPL
3/28/2017,4:03:15,0.998314993,AAPL
3/28/2017,4:05:06,0.851940859,TSLA
3/28/2017,4:07:45,0.997429464,AAPL
3/28/2017,4:08:10,0.992349983,TSLA
3/28/2017,4:09:24,0.858338268,TSLA
3/28/2017,4:14:36,0.797745946,AAPL
3/28/2017,4:14:41,0.996660013,AAPL
3/28/2017,4:15:19,-0.914987673,TSLA
3/28/2017,4:20:23,0.754221184,AAPL
3/28/2017,4:20:34,0.892803763,TSLA
3/28/2017,4:20:59,0.809528855,TSLA
3/28/2017,4:21:04,0.993705116,FB
3/28/2017,4:21:49,0.994844558,TSLA
3/28/2017,4:22:34,0.986782217,TSLA
3/28/2017,4:23:13,0.872249806,TSLA
3/28/2017,4:48:44,0.992616417,TSLA
3/28/2017,4:53:12,0.99986281,AAPL
3/28/2017,4:53:20,0.996971564,AAPL
3/28/2017,4:58:21,0.992754685,TSLA
3/28/2017,5:10:29,-0.109263304,AAPL
3/28/2017,5:11:05,0.898597875,AAPL
3/28/2017,5:13:56,0.995139635,TSLA
3/28/2017,5:16:31,0.950862228,FB
3/28/2017,5:16:41,-0.819392719,AAPL
3/28/2017,5:17:16,0.947147342,TSLA
3/28/2017,5:18:11,-0.969013345,TSLA
3/28/2017,5:26:43,-0.005323651,TSLA
3/28/2017,5:29:44,0.095158145,TSLA
3/28/2017,5:30:54,0.814165905,AAPL
3/28/2017,5:36:41,0.970587286,AAPL
3/28/2017,5:39:13,0.163761603,TSLA
3/28/2017,5:46:49,0.165851541,AAPL
3/28/2017,5:56:15,0.192259187,AAPL
3/28/2017,5:59:41,-0.768393615,AAPL
3/28/2017,6:04:06,0.767717832,AAPL
3/28/2017,6:22:31,0.100603751,TSLA
3/28/2017,6:24:41,0.820826968,FB
3/28/2017,6:32:11,0.970759166,AAPL
3/28/2017,6:37:09,-0.079580405,TSLA
3/28/2017,6:44:44,-0.937046754,FB
3/28/2017,6:48:56,0.716693439,TSLA
3/28/2017,6:51:11,0.773906646,FB
3/28/2017,7:10:19,0.890038609,AAPL
3/28/2017,7:21:31,0.082487645,FB
3/28/2017,7:33:29,0.840589867,FB
3/28/2017,7:36:23,-0.049140342,FB
3/28/2017,7:51:37,0.999968122,FB
3/28/2017,7:55:23,0.916916044,TSLA
3/28/2017,7:58:35,0.113534322,TSLA
3/28/2017,8:31:45,0.921802119,FB
3/28/2017,8:33:05,0.726213864,FB
3/28/2017,8:47:49,0.947123106,FB
3/28/2017,8:48:49,0.733158514,FB
3/28/2017,8:51:01,0.990166669,FB
3/28/2017,8:53:33,-0.018827233,FB
3/28/2017,9:02:08,-0.17653453,FB
3/28/2017,9:08:45,-0.951406008,TSLA
3/28/2017,9:12:18,0.998346655,FB
3/28/2017,9:15:37,0.975483551,FB
3/28/2017,9:17:14,0.903285339,FB
3/28/2017,9:20:17,0.972026398,FB
3/28/2017,9:26:33,0.99371063,FB
3/28/2017,9:33:37,0.872985604,FB
3/28/2017,9:36:08,0.866114431,AAPL
3/28/2017,9:42:58,0.18790854,FB
3/28/2017,10:01:54,0.775544228,FB
3/28/2017,10:09:11,0.073001845,AAPL
3/28/2017,10:14:53,0.041720736,FB
3/28/2017,10:25:41,0.096462284,TSLA
3/28/2017,10:27:30,0.98695538,AAPL
3/28/2017,10:35:35,0.857472528,FB
3/28/2017,10:38:39,0.931667846,AAPL
3/28/2017,10:42:09,0.999412528,FB
3/28/2017,10:42:16,-0.015449458,TSLA
3/28/2017,10:48:48,0.183866284,FB
3/28/2017,10:55:37,0.091675511,FB
3/28/2017,10:58:45,-0.1169451,TSLA
3/28/2017,11:02:49,0.998730009,AAPL
3/28/2017,11:03:38,-0.946822075,TSLA
3/28/2017,11:05:29,0.921421956,TSLA
3/28/2017,11:08:29,0.704414695,TSLA
3/28/2017,11:09:07,-0.961584213,TSLA
3/28/2017,11:09:56,0.845610302,TSLA
3/28/2017,11:11:36,-0.763434623,TSLA
3/28/2017,11:12:55,0.995434169,AAPL
3/28/2017,11:13:32,0.771116932,TSLA
3/28/2017,11:14:16,0.921223453,TSLA
3/28/2017,11:15:01,0.981979817,AAPL
3/28/2017,11:15:50,0.968739229,TSLA
3/28/2017,11:16:20,0.002752486,TSLA
3/28/2017,11:16:58,-0.824646466,AAPL
3/28/2017,11:18:55,0.997906415,TSLA
3/28/2017,11:19:05,-0.00933054,TSLA
3/28/2017,11:19:18,-0.058736344,TSLA
3/28/2017,11:19:49,-0.755834562,TSLA
3/28/2017,11:19:57,-0.016389084,FB
3/28/2017,11:20:09,0.90469114,TSLA
3/28/2017,11:20:21,-0.052135401,TSLA
3/28/2017,11:20:25,0.153131144,TSLA
3/28/2017,11:20:44,0.897905514,TSLA
3/28/2017,11:21:26,0.728590932,TSLA
3/28/2017,11:21:58,0.846255907,TSLA
3/28/2017,11:23:33,0.712378131,TSLA
3/28/2017,11:24:02,0.169209264,TSLA
3/28/2017,11:24:30,-0.738614321,TSLA
3/28/2017,11:26:10,0.742936186,TSLA
3/28/2017,11:26:16,0.984092722,TSLA
3/28/2017,11:27:11,0.01309081,TSLA
3/28/2017,11:27:18,0.951045753,TSLA
3/28/2017,11:28:50,0.998076899,AAPL
3/28/2017,11:29:11,0.960569909,TSLA
3/28/2017,11:30:28,0.130842334,TSLA
3/28/2017,11:30:31,0.153718962,TSLA
3/28/2017,11:30:58,0.192103403,TSLA
3/28/2017,11:31:33,0.821761903,TSLA
3/28/2017,11:32:00,0.81936678,TSLA
3/28/2017,11:32:12,-0.710359027,TSLA
3/28/2017,11:33:24,0.903499746,TSLA
3/28/2017,11:33:30,0.98641084,TSLA
3/28/2017,11:33:41,-0.757396964,TSLA
3/28/2017,11:34:16,0.769616816,TSLA
3/28/2017,11:34:19,0.999904498,TSLA
3/28/2017,11:35:49,0.962605715,TSLA
3/28/2017,11:36:25,0.048244206,TSLA
3/28/2017,11:37:17,0.14221231,TSLA
3/28/2017,11:39:20,-0.073788736,TSLA
3/28/2017,11:40:29,0.885852638,TSLA
3/28/2017,11:42:21,0.88733259,TSLA
3/28/2017,11:42:39,-0.932623056,TSLA
3/28/2017,11:42:42,0.779585555,TSLA
3/28/2017,11:42:58,-0.997426578,TSLA
3/28/2017,11:43:29,0.14250222,TSLA
3/28/2017,11:43:57,0.71095313,TSLA
3/28/2017,11:44:17,0.07667907,TSLA
3/28/2017,11:44:18,0.160359189,TSLA
3/28/2017,11:44:58,0.923059098,TSLA
3/28/2017,11:47:54,0.745722139,FB
3/28/2017,11:48:13,0.923678981,TSLA
3/28/2017,11:48:14,-0.991300726,TSLA
3/28/2017,11:48:40,-0.087410344,TSLA
3/28/2017,11:49:22,0.980743562,TSLA
3/28/2017,11:50:05,0.890290297,TSLA
3/28/2017,11:50:32,0.076553268,TSLA
3/28/2017,11:51:02,-0.101503082,TSLA
3/28/2017,11:51:14,-0.979682728,TSLA
3/28/2017,11:51:37,0.167114151,TSLA
3/28/2017,11:52:45,0.925584782,FB
3/28/2017,11:55:55,-0.901306369,TSLA
3/28/2017,11:56:03,0.906543245,TSLA
3/28/2017,11:57:27,0.828745813,TSLA
3/28/2017,11:57:49,0.036019473,AAPL
3/28/2017,11:59:22,0.199875028,TSLA
3/28/2017,11:59:25,0.703002451,TSLA
3/28/2017,12:00:04,0.870303699,TSLA
3/28/2017,12:00:37,0.861598046,TSLA
3/28/2017,12:01:39,0.18465131,TSLA
3/28/2017,12:01:50,0.919086848,TSLA
3/28/2017,12:02:47,0.806545704,TSLA
3/28/2017,12:02:48,0.916609227,TSLA
3/28/2017,12:03:19,-0.07342534,TSLA
3/28/2017,12:03:36,0.988146781,TSLA
3/28/2017,12:03:41,0.781532063,TSLA
3/28/2017,12:04:23,0.906052805,FB
3/28/2017,12:04:32,0.10868701,TSLA
3/28/2017,12:05:02,0.1924145,AAPL
3/28/2017,12:06:19,0.991686451,FB
3/28/2017,12:06:57,0.120592679,FB
3/28/2017,12:07:15,0.987383349,AAPL
3/28/2017,12:07:22,-0.098754857,FB
3/28/2017,12:07:32,0.961544216,TSLA
3/28/2017,12:07:50,-0.746757558,TSLA
3/28/2017,12:08:40,0.720285538,TSLA
3/28/2017,12:08:43,-0.847574887,FB
3/28/2017,12:08:58,0.187468045,TSLA
3/28/2017,12:10:37,0.890574873,TSLA
3/28/2017,12:10:37,0.188672976,FB
3/28/2017,12:11:18,0.898351397,TSLA
3/28/2017,12:11:28,0.765559732,TSLA
3/28/2017,12:11:42,0.95720444,TSLA
3/28/2017,12:11:52,0.975178657,TSLA
3/28/2017,12:11:58,0.997451465,FB
3/28/2017,12:12:19,0.843593672,TSLA
3/28/2017,12:13:06,0.930910089,TSLA
3/28/2017,12:14:07,0.978233454,TSLA
3/28/2017,12:14:18,0.950068887,TSLA
3/28/2017,12:14:18,0.93183754,FB
3/28/2017,12:16:56,-0.158458957,TSLA
3/28/2017,12:17:57,0.757596595,FB
3/28/2017,12:18:01,0.151730032,TSLA
3/28/2017,12:18:55,0.759923031,TSLA
3/28/2017,12:19:31,0.776640703,AAPL
3/28/2017,12:20:47,0.841315825,TSLA
3/28/2017,12:20:54,0.935783646,TSLA
3/28/2017,12:21:18,0.767820201,TSLA
3/28/2017,12:21:35,0.878186183,TSLA
3/28/2017,12:21:55,0.835337939,TSLA
3/28/2017,12:22:06,0.811250785,TSLA
3/28/2017,12:22:24,0.999984491,AAPL
3/28/2017,12:23:23,0.970832589,TSLA
3/28/2017,12:23:23,0.98615209,TSLA
3/28/2017,12:23:25,0.933601102,FB
3/28/2017,12:23:40,0.142177228,TSLA
3/28/2017,12:24:11,0.970118666,TSLA
3/28/2017,12:24:19,0.999992647,AAPL
3/28/2017,12:24:49,0.961121013,AAPL
3/28/2017,12:25:26,0.985754724,AAPL
3/28/2017,12:25:42,0.999996604,AAPL
3/28/2017,12:25:57,0.961736589,TSLA
3/28/2017,12:26:02,-0.00933054,TSLA
3/28/2017,12:26:15,0.837907563,AAPL
3/28/2017,12:26:55,0.974692435,AAPL
3/28/2017,12:27:09,0.99724473,AAPL
3/28/2017,12:27:29,0.918978734,TSLA
3/28/2017,12:27:33,0.914544689,TSLA
3/28/2017,12:27:44,0.969364523,FB
3/28/2017,12:27:45,0.734596289,TSLA
3/28/2017,12:28:39,0.800940929,TSLA
3/28/2017,12:28:41,0.977677575,TSLA
3/28/2017,12:28:47,-0.166419774,FB
3/28/2017,12:28:51,0.932016351,AAPL
3/28/2017,12:28:58,0.920384312,TSLA
3/28/2017,12:29:43,0.905171255,TSLA
3/28/2017,12:30:17,-0.026844652,TSLA
3/28/2017,12:30:17,0.91202461,TSLA
3/28/2017,12:30:25,0.990709966,TSLA
3/28/2017,12:30:48,0.987741284,TSLA
3/28/2017,12:30:50,0.99997298,TSLA
3/28/2017,12:31:04,-0.876903969,AAPL
3/28/2017,12:31:57,-0.967069986,TSLA
3/28/2017,12:32:02,-0.008464249,TSLA
3/28/2017,12:33:00,0.73808845,AAPL
3/28/2017,12:33:09,0.195668311,TSLA
3/28/2017,12:34:10,0.791688286,TSLA
3/28/2017,12:34:13,0.998403787,TSLA
3/28/2017,12:34:41,0.752742855,TSLA
3/28/2017,12:36:01,0.960594183,TSLA
3/28/2017,12:36:25,0.785287414,AAPL
3/28/2017,12:36:58,0.898012511,TSLA
3/28/2017,12:36:58,0.994327336,TSLA
3/28/2017,12:37:25,0.743563781,TSLA
3/28/2017,12:37:33,0.895021838,TSLA
3/28/2017,12:37:47,0.961689027,TSLA
3/28/2017,12:38:36,0.106464958,TSLA
3/28/2017,12:39:47,0.999293194,TSLA
3/28/2017,12:40:04,0.995288652,AAPL
3/28/2017,12:41:17,0.846972559,FB
3/28/2017,12:41:30,0.795681773,TSLA
3/28/2017,12:42:07,-0.18200246,TSLA
3/28/2017,12:42:24,0.959628688,TSLA
3/28/2017,12:42:43,0.961131102,TSLA
3/28/2017,12:42:59,0.174988495,TSLA
3/28/2017,12:43:16,0.756594028,TSLA
3/28/2017,12:43:41,0.889881696,FB
3/28/2017,12:44:10,0.999835412,TSLA
3/28/2017,12:44:15,-0.716877844,TSLA
3/28/2017,12:44:38,-0.019468348,AAPL
3/28/2017,12:45:06,0.91926394,TSLA
3/28/2017,12:45:30,0.950203208,TSLA
3/28/2017,12:46:57,0.929972851,TSLA
3/28/2017,12:48:01,-0.074833105,AAPL
3/28/2017,12:48:03,0.951803399,TSLA
3/28/2017,12:48:11,-0.976497756,TSLA
3/28/2017,12:48:36,0.862104068,TSLA
3/28/2017,12:48:53,0.983422453,AAPL
3/28/2017,12:49:00,0.937505534,AAPL
3/28/2017,12:49:53,0.924951793,AAPL
3/28/2017,12:50:16,0.03566919,TSLA
3/28/2017,12:51:02,0.933260783,TSLA
3/28/2017,12:52:57,0.973580085,FB
3/28/2017,12:53:16,0.854255325,TSLA
3/28/2017,12:53:49,0.948848283,TSLA
3/28/2017,12:53:56,0.998563815,TSLA
3/28/2017,12:53:57,0.85083387,TSLA
3/28/2017,12:53:59,-0.044984863,TSLA
3/28/2017,12:54:10,0.897212139,AAPL
3/28/2017,12:54:22,-0.941841351,TSLA
3/28/2017,12:54:44,0.189672579,TSLA
3/28/2017,12:54:47,0.906725521,TSLA
3/28/2017,12:54:57,0.850831853,TSLA
3/28/2017,12:54:57,0.71095313,TSLA
3/28/2017,12:54:58,0.915129895,FB
3/28/2017,12:55:15,0.992206301,AAPL
3/28/2017,12:55:49,0.114627696,TSLA
3/28/2017,12:55:53,-0.008439344,FB
3/28/2017,12:56:05,0.830100731,TSLA
3/28/2017,12:56:18,0.704635818,TSLA
3/28/2017,12:56:29,0.94266651,TSLA
3/28/2017,12:56:32,0.910368947,TSLA
3/28/2017,12:56:42,0.957076568,TSLA
3/28/2017,12:57:12,0.904522011,TSLA
3/28/2017,12:57:13,0.852511058,TSLA
3/28/2017,12:57:23,0.182897628,FB
3/28/2017,12:57:32,0.741166717,FB
3/28/2017,12:57:47,0.972615402,FB
3/28/2017,12:57:49,0.826079714,TSLA
3/28/2017,12:58:04,-0.952201972,TSLA
3/28/2017,12:58:13,0.813290538,AAPL
3/28/2017,12:58:36,0.838014657,TSLA
3/28/2017,12:58:52,0.969192346,TSLA
3/28/2017,12:59:02,0.998351173,FB
3/28/2017,12:59:19,0.774416409,FB
3/28/2017,12:59:48,0.883471044,AAPL
3/28/2017,13:00:35,0.998238016,FB
3/28/2017,13:00:39,-0.79907962,TSLA
3/28/2017,13:00:40,0.995390723,TSLA
3/28/2017,13:01:00,-0.100141824,FB
3/28/2017,13:01:26,0.950219857,TSLA
3/28/2017,13:01:43,0.998626196,TSLA
3/28/2017,13:02:47,0.910857602,FB
3/28/2017,13:02:50,0.864452467,TSLA
3/28/2017,13:02:59,0.99987652,AAPL
3/28/2017,13:03:00,0.993912443,AAPL
3/28/2017,13:03:05,0.908526948,AAPL
3/28/2017,13:03:13,0.765521926,TSLA
3/28/2017,13:03:20,0.76596172,FB
3/28/2017,13:03:21,0.927414929,TSLA
3/28/2017,13:03:23,-0.772436691,AAPL
3/28/2017,13:03:32,-0.155614341,FB
3/28/2017,13:03:42,0.992142306,TSLA
3/28/2017,13:03:42,0.788359699,TSLA
3/28/2017,13:03:47,0.945418407,TSLA
3/28/2017,13:04:19,-0.057735913,TSLA
3/28/2017,13:04:29,0.854327813,TSLA
3/28/2017,13:04:50,0.192103403,TSLA
3/28/2017,13:05:05,0.999742177,TSLA
3/28/2017,13:05:10,0.930144885,TSLA
3/28/2017,13:05:39,0.972493084,FB
3/28/2017,13:05:43,0.998832331,FB
3/28/2017,13:05:50,0.137355269,TSLA
3/28/2017,13:06:26,0.845936547,FB
3/28/2017,13:06:45,0.717585529,TSLA
3/28/2017,13:07:10,0.743810136,FB
3/28/2017,13:07:22,0.118466561,TSLA
3/28/2017,13:07:26,0.778953975,TSLA
3/28/2017,13:07:56,0.843716628,TSLA
3/28/2017,13:08:03,0.726990106,FB
3/28/2017,13:08:17,0.885139799,TSLA
3/28/2017,13:08:20,-0.874287821,TSLA
3/28/2017,13:08:39,0.897306611,FB
3/28/2017,13:10:26,0.759764614,TSLA
3/28/2017,13:10:32,-0.954569344,TSLA
3/28/2017,13:10:46,0.97368543,FB
3/28/2017,13:11:07,0.999603642,TSLA
3/28/2017,13:11:12,0.979285341,FB
3/28/2017,13:11:29,-0.755843654,TSLA
3/28/2017,13:11:44,0.9454136,TSLA
3/28/2017,13:11:51,0.892246997,TSLA
3/28/2017,13:11:57,0.945354591,FB
3/28/2017,13:12:04,0.945067935,FB
3/28/2017,13:12:34,-0.884882059,TSLA
3/28/2017,13:12:35,0.151730032,TSLA
3/28/2017,13:12:40,0.928567176,TSLA
3/28/2017,13:12:56,-0.096417885,FB
3/28/2017,13:13:00,0.893729657,FB
3/28/2017,13:13:01,0.999666697,TSLA
3/28/2017,13:13:02,0.873286237,FB
3/28/2017,13:13:29,0.959020751,TSLA
3/28/2017,13:13:42,0.816926586,TSLA
3/28/2017,13:15:00,-0.738228792,AAPL
3/28/2017,13:15:12,0.949583619,TSLA
3/28/2017,13:15:29,0.945128083,FB
3/28/2017,13:16:01,0.985874374,TSLA
3/28/2017,13:16:06,-0.030385184,TSLA
3/28/2017,13:16:19,0.989424002,TSLA
3/28/2017,13:16:43,0.8280844,TSLA
3/28/2017,13:16:53,-0.736376244,TSLA
3/28/2017,13:16:58,0.957222715,FB
3/28/2017,13:17:24,0.148403401,TSLA
3/28/2017,13:17:30,0.190825552,FB
3/28/2017,13:17:58,0.924361379,TSLA
3/28/2017,13:18:10,0.993707125,TSLA
3/28/2017,13:18:14,-0.083398863,FB
3/28/2017,13:18:34,0.844276474,TSLA
3/28/2017,13:19:07,0.856763666,TSLA
3/28/2017,13:19:11,0.95924897,TSLA
3/28/2017,13:19:16,-0.067520707,TSLA
3/28/2017,13:20:24,0.985894094,FB
3/28/2017,13:20:26,-0.075484861,TSLA
3/28/2017,13:20:32,0.954806625,TSLA
3/28/2017,13:20:43,0.787793357,TSLA
3/28/2017,13:21:26,-0.042475531,TSLA
3/28/2017,13:22:02,0.928238314,TSLA
3/28/2017,13:22:13,-0.959135339,TSLA
3/28/2017,13:22:34,0.8336818,FB
3/28/2017,13:22:41,0.934680424,FB
3/28/2017,13:22:49,-0.112200401,TSLA
3/28/2017,13:23:18,-0.095944218,TSLA
3/28/2017,13:23:36,0.957333651,FB
3/28/2017,13:23:48,0.182493544,FB
3/28/2017,13:23:51,0.869240757,TSLA
3/28/2017,13:24:06,0.198369454,TSLA
3/28/2017,13:24:52,0.998331774,FB
3/28/2017,13:25:27,-0.765011862,TSLA
3/28/2017,13:26:17,-0.189743566,TSLA
3/28/2017,13:26:33,0.973568793,TSLA
3/28/2017,13:27:05,0.99632722,TSLA
3/28/2017,13:27:20,0.703640986,TSLA
3/28/2017,13:27:23,0.963179737,TSLA
3/28/2017,13:27:43,0.998386367,AAPL
3/28/2017,13:27:44,0.862911891,AAPL
3/28/2017,13:28:10,0.993486349,AAPL
3/28/2017,13:28:16,0.831027141,TSLA
3/28/2017,13:28:44,0.132119832,TSLA
3/28/2017,13:28:45,-0.068029118,TSLA
3/28/2017,13:29:32,0.868685279,TSLA
3/28/2017,13:29:42,0.795086072,TSLA
3/28/2017,13:30:02,0.732732405,FB
3/28/2017,13:30:02,0.999047386,AAPL
3/28/2017,13:30:02,0.876400705,TSLA
3/28/2017,13:30:08,0.865195467,TSLA
3/28/2017,13:30:10,-0.067520707,TSLA
3/28/2017,13:30:14,0.950562271,TSLA
3/28/2017,13:30:37,0.798419792,TSLA
3/28/2017,13:30:37,0.990091717,TSLA
3/28/2017,13:31:00,0.094625548,TSLA
3/28/2017,13:31:04,0.110845236,TSLA
3/28/2017,13:32:24,0.981737258,TSLA
3/28/2017,13:32:35,0.012127379,AAPL
3/28/2017,13:33:11,0.745268342,FB
3/28/2017,13:33:12,0.767582253,TSLA
3/28/2017,13:33:20,0.969222898,AAPL
3/28/2017,13:33:24,0.927947753,TSLA
3/28/2017,13:33:39,0.187314506,AAPL
3/28/2017,13:34:31,0.955404029,TSLA
3/28/2017,13:34:47,0.929541776,TSLA
3/28/2017,13:34:55,0.873058439,TSLA
3/28/2017,13:35:09,0.887766438,FB
3/28/2017,13:35:45,-0.055438108,TSLA
3/28/2017,13:35:52,-0.896800103,TSLA
3/28/2017,13:35:53,0.074016891,FB
3/28/2017,13:35:56,0.052750591,TSLA
3/28/2017,13:36:15,0.785783954,TSLA
3/28/2017,13:36:16,0.764356524,TSLA
3/28/2017,13:36:17,0.90810533,TSLA
3/28/2017,13:36:19,0.935114569,FB
3/28/2017,13:36:27,0.843878723,TSLA
3/28/2017,13:36:36,0.064730279,FB
3/28/2017,13:36:45,0.768267344,TSLA
3/28/2017,13:36:45,0.769702531,TSLA
3/28/2017,13:36:53,0.999816218,TSLA
3/28/2017,13:37:03,-0.738865654,FB
3/28/2017,13:37:06,0.90202461,FB
3/28/2017,13:37:11,0.159039217,TSLA
3/28/2017,13:37:16,-0.75830288,TSLA
3/28/2017,13:37:26,-0.173720187,TSLA
3/28/2017,13:37:30,0.927214869,TSLA
3/28/2017,13:37:39,0.800206419,TSLA
3/28/2017,13:37:40,0.797745946,AAPL
3/28/2017,13:37:50,0.029172876,TSLA
3/28/2017,13:38:01,0.068077807,FB
3/28/2017,13:38:04,0.864849675,TSLA
3/28/2017,13:38:08,0.762629158,AAPL
3/28/2017,13:38:08,0.063098389,TSLA
3/28/2017,13:38:26,0.163794267,FB
3/28/2017,13:38:47,-0.836370576,TSLA
3/28/2017,13:38:54,0.98737917,AAPL
3/28/2017,13:39:04,0.862775165,AAPL
3/28/2017,13:39:45,0.762160664,TSLA
3/28/2017,13:39:50,-0.01920648,TSLA
3/28/2017,13:39:52,-0.013519789,FB
3/28/2017,13:39:56,0.822216194,TSLA
3/28/2017,13:40:46,0.777510087,FB
3/28/2017,13:40:56,-0.032407737,TSLA
3/28/2017,13:41:14,0.994230038,FB
3/28/2017,13:41:27,0.809731203,TSLA
3/28/2017,13:41:28,-0.779504281,TSLA
3/28/2017,13:41:32,0.704528147,TSLA
3/28/2017,13:41:44,0.840879792,FB
3/28/2017,13:41:51,0.961074972,TSLA
3/28/2017,13:41:55,0.860097164,TSLA
3/28/2017,13:41:56,-0.006497312,TSLA
3/28/2017,13:42:20,0.79556104,TSLA
3/28/2017,13:42:30,0.790201488,TSLA
3/28/2017,13:42:33,0.947281998,TSLA
3/28/2017,13:42:35,0.195343165,FB
3/28/2017,13:42:40,0.89367585,TSLA
3/28/2017,13:42:49,0.863802778,TSLA
3/28/2017,13:42:56,0.745639088,TSLA
3/28/2017,13:43:08,0.986105434,TSLA
3/28/2017,13:43:10,0.892602459,FB
3/28/2017,13:43:19,-0.193621399,TSLA
3/28/2017,13:43:33,0.072373569,AAPL
3/28/2017,13:44:06,0.186444418,TSLA
3/28/2017,13:44:14,0.880617592,TSLA
3/28/2017,13:44:16,0.126065098,FB
3/28/2017,13:44:21,0.198569929,AAPL
3/28/2017,13:44:24,-0.163561728,TSLA
3/28/2017,13:44:29,-0.199493699,FB
3/28/2017,13:44:31,0.948827574,TSLA
3/28/2017,13:44:49,0.909982431,TSLA
3/28/2017,13:44:50,0.997772311,TSLA
3/28/2017,13:44:56,-0.087874451,TSLA
3/28/2017,13:44:57,0.944010012,FB
3/28/2017,13:44:57,0.945625554,TSLA
3/28/2017,13:44:57,0.084018536,TSLA
3/28/2017,13:45:03,0.092896201,TSLA
3/28/2017,13:45:16,-0.160596354,FB
3/28/2017,13:45:24,0.722410783,TSLA
3/28/2017,13:45:44,0.825330816,FB
3/28/2017,13:46:17,-0.071513238,TSLA
3/28/2017,13:46:19,0.885271861,AAPL
3/28/2017,13:46:39,0.807318072,TSLA
3/28/2017,13:47:01,0.18357087,TSLA
3/28/2017,13:47:05,0.114806564,FB
3/28/2017,13:47:08,-0.172713973,FB
3/28/2017,13:47:13,0.718296257,FB
3/28/2017,13:47:19,0.867801167,TSLA
3/28/2017,13:47:20,0.99347316,TSLA
3/28/2017,13:47:20,0.973235847,TSLA
3/28/2017,13:47:40,0.97294063,TSLA
3/28/2017,13:47:40,0.108441215,TSLA
3/28/2017,13:47:47,0.036891206,TSLA
3/28/2017,13:48:22,0.03177425,TSLA
3/28/2017,13:48:34,-0.747309611,TSLA
3/28/2017,13:48:43,0.981532171,TSLA
3/28/2017,13:49:26,0.818738384,TSLA
3/28/2017,13:49:27,0.955081822,TSLA
3/28/2017,13:49:28,0.839770669,TSLA
3/28/2017,13:49:52,0.975522822,AAPL
3/28/2017,13:49:56,0.895646028,TSLA
3/28/2017,13:50:09,0.992052671,FB
3/28/2017,13:50:14,-0.730458124,TSLA
3/28/2017,13:50:21,0.867970814,FB
3/28/2017,13:50:36,0.971178404,AAPL
3/28/2017,13:50:57,-0.134367193,TSLA
3/28/2017,13:51:00,0.804582673,TSLA
3/28/2017,13:51:14,0.948623624,TSLA
3/28/2017,13:51:58,0.892177216,AAPL
3/28/2017,13:52:03,0.772418381,TSLA
3/28/2017,13:52:04,0.190267166,TSLA
3/28/2017,13:52:06,-0.080775902,TSLA
3/28/2017,13:52:18,0.833874017,FB
3/28/2017,13:52:42,0.164585311,AAPL
3/28/2017,13:52:56,0.133017657,TSLA
3/28/2017,13:52:58,0.777754477,FB
3/28/2017,13:53:04,-0.107736931,FB
3/28/2017,13:53:25,0.983109148,AAPL
3/28/2017,13:53:30,0.715450299,FB
3/28/2017,13:53:48,0.892177216,AAPL
3/28/2017,13:53:49,0.862071552,TSLA
3/28/2017,13:53:53,0.772685513,TSLA
3/28/2017,13:54:04,0.99070394,TSLA
3/28/2017,13:54:11,-0.174938152,TSLA
3/28/2017,13:54:21,0.974019062,FB
3/28/2017,13:54:38,0.896088304,TSLA
3/28/2017,13:55:04,0.945897799,AAPL
3/28/2017,13:55:21,0.889350457,TSLA
3/28/2017,13:55:56,0.842174465,FB
3/28/2017,13:56:00,0.195792241,TSLA
3/28/2017,13:56:23,0.772750628,AAPL
3/28/2017,13:56:24,0.706766338,TSLA
3/28/2017,13:56:39,0.707270601,TSLA
3/28/2017,13:57:01,-0.76037862,TSLA
3/28/2017,13:57:01,0.824797167,TSLA
3/28/2017,13:57:22,0.997983013,TSLA
3/28/2017,13:57:29,0.959790438,FB
3/28/2017,13:58:02,0.98426988,TSLA
3/28/2017,13:58:03,0.885320931,AAPL
3/28/2017,13:59:07,0.085341198,FB
3/28/2017,13:59:11,0.994868438,AAPL
3/28/2017,13:59:37,-0.967379723,TSLA
3/28/2017,13:59:42,0.790858805,AAPL
3/28/2017,13:59:48,-0.0968661,TSLA
3/28/2017,13:59:59,0.957752327,TSLA
3/28/2017,14:00:03,0.994215914,FB
3/28/2017,14:00:08,0.965410365,AAPL
3/28/2017,14:00:10,0.854229579,FB
3/28/2017,14:00:30,0.196772461,FB
3/28/2017,14:00:51,-0.112373388,TSLA
3/28/2017,14:01:21,-0.989457244,TSLA
3/28/2017,14:01:24,0.110489534,TSLA
3/28/2017,14:02:36,-0.084160577,FB
3/28/2017,14:02:37,-0.768463394,TSLA
3/28/2017,14:02:59,0.860283864,TSLA
3/28/2017,14:03:11,0.978198378,AAPL
3/28/2017,14:03:50,0.008256257,AAPL
3/28/2017,14:03:55,0.120161822,TSLA
3/28/2017,14:04:46,0.155404951,TSLA
3/28/2017,14:04:53,0.929315867,TSLA
3/28/2017,14:05:24,0.151730032,TSLA
3/28/2017,14:06:04,0.923609851,TSLA
3/28/2017,14:06:14,0.99903683,FB
3/28/2017,14:06:51,0.902835066,TSLA
3/28/2017,14:06:53,0.897371381,AAPL
3/28/2017,14:06:55,-0.059928349,FB
3/28/2017,14:07:32,-0.059924545,TSLA
3/28/2017,14:07:49,0.704248039,TSLA
3/28/2017,14:08:15,0.116052914,TSLA
3/28/2017,14:08:38,-0.79573302,TSLA
3/28/2017,14:09:01,0.165469075,TSLA
3/28/2017,14:09:08,0.808796043,TSLA
3/28/2017,14:09:18,0.916219492,AAPL
3/28/2017,14:09:48,-0.168798792,FB
3/28/2017,14:10:07,0.948981827,FB
3/28/2017,14:10:07,0.986517691,AAPL
3/28/2017,14:10:08,0.170022457,AAPL
3/28/2017,14:10:31,0.015840539,TSLA
3/28/2017,14:10:51,0.986918877,AAPL
3/28/2017,14:11:45,0.859095382,TSLA
3/28/2017,14:11:48,0.77887879,FB
3/28/2017,14:11:48,0.906028295,TSLA
3/28/2017,14:11:57,0.997426141,TSLA
3/28/2017,14:12:50,-0.866871264,FB
3/28/2017,14:12:53,0.781627199,FB
3/28/2017,14:13:11,0.976665655,AAPL
3/28/2017,14:13:11,0.860102279,TSLA
3/28/2017,14:13:20,0.87708203,TSLA
3/28/2017,14:13:20,0.9052385,TSLA
3/28/2017,14:13:26,0.849833607,FB
3/28/2017,14:13:34,0.915768742,TSLA
3/28/2017,14:13:38,-0.966705199,TSLA
3/28/2017,14:13:48,0.85569658,AAPL
3/28/2017,14:13:48,0.980373417,AAPL
3/28/2017,14:14:13,0.995383776,AAPL
3/28/2017,14:14:23,-0.770618119,AAPL
3/28/2017,14:14:25,0.156324116,TSLA
3/28/2017,14:14:50,0.971700637,TSLA
3/28/2017,14:15:15,-0.799281196,TSLA
3/28/2017,14:15:43,-0.068661709,FB
3/28/2017,14:15:56,-0.158458957,TSLA
3/28/2017,14:16:03,0.999828297,FB
3/28/2017,14:16:12,0.833290082,FB
3/28/2017,14:16:32,0.151730032,TSLA
3/28/2017,14:17:08,0.981619102,TSLA
3/28/2017,14:17:13,0.179256834,TSLA
3/28/2017,14:17:38,-0.833742007,FB
3/28/2017,14:18:12,0.814300113,FB
3/28/2017,14:18:13,0.993803279,TSLA
3/28/2017,14:18:19,-0.165823781,TSLA
3/28/2017,14:18:23,0.120989601,TSLA
3/28/2017,14:18:34,-0.865928082,FB
3/28/2017,14:18:42,0.730231831,AAPL
3/28/2017,14:18:54,-0.972049887,TSLA
3/28/2017,14:18:59,0.990388167,AAPL
3/28/2017,14:19:12,0.908346374,TSLA
3/28/2017,14:19:14,0.189156763,AAPL
3/28/2017,14:19:25,0.781852477,FB
3/28/2017,14:19:27,0.940144793,TSLA
3/28/2017,14:19:33,0.718296257,FB
3/28/2017,14:20:16,0.934554408,TSLA
3/28/2017,14:20:27,0.923814715,TSLA
3/28/2017,14:20:41,-0.065717853,TSLA
3/28/2017,14:20:41,0.151730032,TSLA
3/28/2017,14:21:09,0.184815542,FB
3/28/2017,14:21:15,0.798114894,TSLA
3/28/2017,14:21:42,0.934094405,TSLA
3/28/2017,14:21:52,0.804961811,TSLA
3/28/2017,14:21:53,0.926739039,AAPL
3/28/2017,14:22:03,0.841109384,AAPL
3/28/2017,14:22:03,0.944563841,AAPL
3/28/2017,14:22:10,0.875844953,FB
3/28/2017,14:22:25,0.113074408,TSLA
3/28/2017,14:22:44,0.169986698,TSLA
3/28/2017,14:22:53,0.951145213,FB
3/28/2017,14:22:55,0.755034587,FB
3/28/2017,14:23:28,0.815612003,TSLA
3/28/2017,14:23:34,0.892705423,AAPL
3/28/2017,14:23:37,0.867241029,FB
3/28/2017,14:23:49,0.048939136,TSLA
3/28/2017,14:24:39,0.975570796,AAPL
3/28/2017,14:24:42,-0.906255073,TSLA
3/28/2017,14:24:50,0.923553906,TSLA
3/28/2017,14:24:55,0.817940672,FB
3/28/2017,14:25:06,0.110444496,FB
3/28/2017,14:25:22,0.967491399,FB
3/28/2017,14:25:23,0.973832315,TSLA
3/28/2017,14:25:31,0.910533614,AAPL
3/28/2017,14:25:35,0.830425428,AAPL
3/28/2017,14:25:37,0.747633999,TSLA
3/28/2017,14:25:51,-0.758393793,FB
3/28/2017,14:25:57,0.714706462,TSLA
3/28/2017,14:26:20,0.865943669,FB
3/28/2017,14:26:37,0.864136044,FB
3/28/2017,14:27:06,0.767012125,TSLA
3/28/2017,14:27:25,0.977010231,TSLA
3/28/2017,14:28:12,0.105852283,TSLA
3/28/2017,14:28:42,0.897897483,TSLA
3/28/2017,14:28:45,0.022735786,TSLA
3/28/2017,14:29:03,0.887840235,TSLA
3/28/2017,14:29:15,0.164585311,AAPL
3/28/2017,14:29:23,0.995326763,AAPL
3/28/2017,14:29:38,0.959479078,AAPL
3/28/2017,14:29:59,0.948614902,TSLA
3/28/2017,14:30:28,0.794665349,TSLA
3/28/2017,14:30:48,0.977918868,TSLA
3/28/2017,14:30:48,0.912039904,TSLA
3/28/2017,14:31:30,0.937122895,TSLA
3/28/2017,14:32:03,0.968956568,AAPL
3/28/2017,14:32:03,0.932866924,TSLA
3/28/2017,14:32:04,0.158786835,AAPL
3/28/2017,14:32:05,-0.741078894,FB
3/28/2017,14:32:17,0.746044805,TSLA
3/28/2017,14:32:22,0.892177216,AAPL
3/28/2017,14:32:32,0.726990106,FB
3/28/2017,14:32:42,-0.022895564,TSLA
3/28/2017,14:33:05,0.933142329,TSLA
3/28/2017,14:33:29,0.788208048,AAPL
3/28/2017,14:33:58,0.71130127,TSLA
3/28/2017,14:34:01,-0.722629152,FB
3/28/2017,14:34:24,0.831489101,TSLA
3/28/2017,14:34:52,0.750919638,TSLA
3/28/2017,14:35:14,0.808486047,TSLA
3/28/2017,14:35:17,0.985212744,AAPL
3/28/2017,14:36:01,-0.974071499,FB
3/28/2017,14:36:23,-0.73610089,TSLA
3/28/2017,14:36:23,0.797745946,AAPL
3/28/2017,14:36:50,0.022112528,TSLA
3/28/2017,14:36:56,0.739027635,AAPL
3/28/2017,14:37:03,0.936672939,FB
3/28/2017,14:37:11,0.797745946,AAPL
3/28/2017,14:37:20,0.19941421,FB
3/28/2017,14:38:05,0.93008964,AAPL
3/28/2017,14:38:13,-0.884339722,FB
3/28/2017,14:38:43,0.780457597,AAPL
3/28/2017,14:39:01,0.754278758,AAPL
3/28/2017,14:39:08,0.164585311,AAPL
3/28/2017,14:39:08,-0.157634984,FB
3/28/2017,14:39:32,0.714056005,FB
3/28/2017,14:39:53,0.941275803,AAPL
3/28/2017,14:40:05,-0.888887424,TSLA
3/28/2017,14:40:10,0.715752716,AAPL
3/28/2017,14:40:25,0.888604219,AAPL
3/28/2017,14:40:25,0.734947903,TSLA
3/28/2017,14:41:21,0.98599621,AAPL
3/28/2017,14:42:09,0.819852889,AAPL
3/28/2017,14:42:11,0.917052049,AAPL
3/28/2017,14:42:27,0.700619032,AAPL
3/28/2017,14:42:31,0.995335441,AAPL
3/28/2017,14:42:45,0.867731378,FB
3/28/2017,14:42:51,0.971109251,TSLA
3/28/2017,14:43:13,0.967935386,AAPL
3/28/2017,14:43:20,0.719995015,AAPL
3/28/2017,14:43:20,0.80989845,TSLA
3/28/2017,14:43:22,0.959689176,AAPL
3/28/2017,14:43:49,0.784767145,AAPL
3/28/2017,14:44:06,0.902590667,AAPL
3/28/2017,14:44:08,-0.801173238,AAPL
3/28/2017,14:44:12,-0.789112909,TSLA
3/28/2017,14:44:38,0.87160876,AAPL
3/28/2017,14:44:55,0.024471112,AAPL
3/28/2017,14:45:46,-0.022214651,TSLA
3/28/2017,14:45:51,-0.02781584,TSLA
3/28/2017,14:45:57,0.93606001,AAPL
3/28/2017,14:46:04,0.8298691,FB
3/28/2017,14:46:29,0.853623453,AAPL
3/28/2017,14:46:46,0.933419966,TSLA
3/28/2017,14:47:21,-0.029053775,TSLA
3/28/2017,14:47:34,-0.787219766,AAPL
3/28/2017,14:47:56,0.70660754,TSLA
3/28/2017,14:47:57,0.953163727,AAPL
3/28/2017,14:48:06,0.97175185,AAPL
3/28/2017,14:48:22,0.074233674,TSLA
3/28/2017,14:48:50,0.944916255,AAPL
3/28/2017,14:48:59,0.771648093,TSLA
3/28/2017,14:49:13,0.9987609,AAPL
3/28/2017,14:49:46,0.103588397,FB
3/28/2017,14:49:59,0.854254388,FB
3/28/2017,14:50:03,0.844600961,TSLA
3/28/2017,14:50:06,0.993997716,AAPL
3/28/2017,14:50:20,0.827440548,TSLA
3/28/2017,14:51:14,0.729441653,FB
3/28/2017,14:51:22,0.722552989,AAPL
3/28/2017,14:51:47,0.905184476,TSLA
3/28/2017,14:52:18,-0.978995293,TSLA
3/28/2017,14:52:24,0.984964019,AAPL
3/28/2017,14:52:28,0.922638509,TSLA
3/28/2017,14:52:39,0.917815881,AAPL
3/28/2017,14:53:17,0.841926355,AAPL
3/28/2017,14:53:27,0.193318253,FB
3/28/2017,14:55:15,0.726990106,FB
3/28/2017,14:55:33,0.860737223,AAPL
3/28/2017,14:55:55,0.714186436,TSLA
3/28/2017,14:56:05,-0.075068012,FB
3/28/2017,14:56:33,0.870446272,AAPL
3/28/2017,14:56:50,-0.012745685,AAPL
3/28/2017,14:57:16,-0.199674301,FB
3/28/2017,14:57:21,0.855822704,AAPL
3/28/2017,14:57:45,0.822877188,AAPL
3/28/2017,14:57:50,0.151730032,TSLA
3/28/2017,14:58:08,0.993089024,AAPL
3/28/2017,14:58:13,0.819393151,AAPL
3/28/2017,14:58:45,0.82338679,AAPL
3/28/2017,14:58:51,0.045119621,TSLA
3/28/2017,14:58:57,0.947321705,TSLA
3/28/2017,14:59:16,0.715839488,AAPL
3/28/2017,14:59:22,0.963935312,AAPL
3/28/2017,14:59:45,-0.021371576,AAPL
3/28/2017,15:00:12,0.099158356,TSLA
3/28/2017,15:00:13,0.94588905,AAPL
3/28/2017,15:00:47,0.85124237,AAPL
3/28/2017,15:00:59,-0.795285264,FB
3/28/2017,15:01:05,0.892438684,AAPL
3/28/2017,15:01:07,0.927030838,AAPL
3/28/2017,15:01:08,0.96458069,AAPL
3/28/2017,15:01:25,0.970903348,TSLA
3/28/2017,15:01:30,0.820080296,FB
3/28/2017,15:01:32,0.151730032,TSLA
3/28/2017,15:01:34,0.053087944,FB
3/28/2017,15:01:52,0.880449146,AAPL
3/28/2017,15:02:00,0.846226192,AAPL
3/28/2017,15:02:12,0.911210252,AAPL
3/28/2017,15:02:16,-0.125265809,AAPL
3/28/2017,15:03:02,0.158687523,TSLA
3/28/2017,15:03:03,0.780289292,AAPL
3/28/2017,15:03:14,0.916987745,AAPL
3/28/2017,15:03:27,0.892169274,TSLA
3/28/2017,15:03:41,0.913748203,AAPL
3/28/2017,15:04:19,0.895185293,TSLA
3/28/2017,15:04:25,0.908702061,AAPL
3/28/2017,15:04:36,0.048998488,AAPL
3/28/2017,15:04:53,-0.929300872,FB
3/28/2017,15:04:59,-0.999999745,AAPL
3/28/2017,15:05:07,0.877240879,AAPL
3/28/2017,15:05:09,0.151730032,TSLA
3/28/2017,15:05:13,0.989781512,AAPL
3/28/2017,15:05:18,-0.796876872,TSLA
3/28/2017,15:05:42,-0.79899211,TSLA
3/28/2017,15:05:50,0.797745946,AAPL
3/28/2017,15:05:50,-0.058368465,TSLA
3/28/2017,15:05:59,0.987706689,AAPL
3/28/2017,15:06:08,0.922469464,AAPL
3/28/2017,15:06:12,0.898284992,AAPL
3/28/2017,15:06:23,0.835455144,FB
3/28/2017,15:06:25,0.086924197,TSLA
3/28/2017,15:06:25,0.97444062,TSLA
3/28/2017,15:06:42,-0.057730722,AAPL
3/28/2017,15:06:44,0.900748824,AAPL
3/28/2017,15:06:48,0.855828889,FB
3/28/2017,15:07:38,0.912591487,FB
3/28/2017,15:07:58,0.026121458,AAPL
3/28/2017,15:08:12,0.199103454,TSLA
3/28/2017,15:08:13,0.704729743,AAPL
3/28/2017,15:08:18,0.926042699,AAPL
3/28/2017,15:08:39,0.973971681,AAPL
3/28/2017,15:08:43,0.980145678,AAPL
3/28/2017,15:08:48,0.980061314,AAPL
3/28/2017,15:08:51,0.815721185,TSLA
3/28/2017,15:08:53,0.884743594,FB
3/28/2017,15:09:02,0.942112399,TSLA
3/28/2017,15:09:33,0.775453257,AAPL
3/28/2017,15:09:33,0.799822942,TSLA
3/28/2017,15:09:35,0.846747472,AAPL
3/28/2017,15:09:48,-0.982142764,TSLA
3/28/2017,15:10:00,0.981706695,TSLA
3/28/2017,15:10:23,0.919412388,AAPL
3/28/2017,15:10:23,0.998662274,FB
3/28/2017,15:10:25,0.877626831,AAPL
3/28/2017,15:10:32,0.993182945,AAPL
3/28/2017,15:10:45,-0.716321135,FB
3/28/2017,15:10:47,0.993651046,AAPL
3/28/2017,15:11:07,0.893284979,AAPL
3/28/2017,15:11:09,0.901652966,AAPL
3/28/2017,15:11:43,0.895551871,AAPL
3/28/2017,15:12:03,0.797745946,AAPL
3/28/2017,15:12:14,0.968348083,AAPL
3/28/2017,15:12:27,0.758385179,TSLA
3/28/2017,15:12:32,-0.705579898,TSLA
3/28/2017,15:12:51,-0.096361093,AAPL
3/28/2017,15:13:31,0.170022457,AAPL
3/28/2017,15:13:38,0.934753806,AAPL
3/28/2017,15:13:43,0.190884609,AAPL
3/28/2017,15:13:52,0.965613822,AAPL
3/28/2017,15:13:53,0.995240599,TSLA
3/28/2017,15:14:01,-0.971730404,TSLA
3/28/2017,15:14:17,0.942475849,AAPL
3/28/2017,15:14:19,0.170022457,AAPL
3/28/2017,15:14:19,0.85655576,AAPL
3/28/2017,15:14:31,0.948934187,FB
3/28/2017,15:14:35,0.972858079,FB
3/28/2017,15:14:40,-0.097094131,TSLA
3/28/2017,15:14:50,0.037326213,AAPL
3/28/2017,15:14:55,0.965550073,AAPL
3/28/2017,15:15:00,0.952007326,AAPL
3/28/2017,15:15:08,0.991962508,AAPL
3/28/2017,15:15:12,0.726990106,FB
3/28/2017,15:15:12,0.807510116,AAPL
3/28/2017,15:15:30,0.950323231,AAPL
3/28/2017,15:15:44,0.889251524,AAPL
3/28/2017,15:15:49,0.87998648,AAPL
3/28/2017,15:15:55,-0.108919948,TSLA
3/28/2017,15:16:00,-0.066930323,FB
3/28/2017,15:16:12,-0.997850946,AAPL
3/28/2017,15:16:21,0.959872882,AAPL
3/28/2017,15:16:22,-0.011427372,AAPL
3/28/2017,15:16:26,0.956390216,FB
3/28/2017,15:16:42,-0.775357333,AAPL
3/28/2017,15:16:42,0.031107251,TSLA
3/28/2017,15:16:54,0.974669097,AAPL
3/28/2017,15:16:57,0.759532722,AAPL
3/28/2017,15:17:02,0.941543824,AAPL
3/28/2017,15:17:08,0.92141678,TSLA
3/28/2017,15:17:22,0.962790913,AAPL
3/28/2017,15:17:32,0.87998648,AAPL
3/28/2017,15:17:47,0.816333545,TSLA
3/28/2017,15:17:48,0.997983013,TSLA
3/28/2017,15:17:52,0.14733184,AAPL
3/28/2017,15:17:55,0.831127576,AAPL
3/28/2017,15:18:16,0.710552855,AAPL
3/28/2017,15:18:21,0.923695564,AAPL
3/28/2017,15:18:36,0.157942855,AAPL
3/28/2017,15:19:07,0.926556424,FB
3/28/2017,15:19:19,0.922744425,AAPL
3/28/2017,15:19:21,0.978949696,TSLA
3/28/2017,15:19:21,0.966458654,AAPL
3/28/2017,15:19:55,0.072399642,AAPL
3/28/2017,15:19:57,0.95103667,AAPL
3/28/2017,15:20:18,0.999735766,AAPL
3/28/2017,15:20:23,0.990895629,AAPL
3/28/2017,15:20:35,0.726990106,FB
3/28/2017,15:21:06,0.977918688,AAPL
3/28/2017,15:21:07,0.818323534,AAPL
3/28/2017,15:21:23,0.941901879,AAPL
3/28/2017,15:21:33,0.170022457,AAPL
3/28/2017,15:21:46,0.960473226,AAPL
3/28/2017,15:22:02,0.188744156,TSLA
3/28/2017,15:22:05,0.992779476,FB
3/28/2017,15:22:52,0.142226134,TSLA
3/28/2017,15:23:02,0.926037369,TSLA
3/28/2017,15:23:12,0.997400798,AAPL
3/28/2017,15:23:25,0.959563235,TSLA
3/28/2017,15:23:39,0.13190642,FB
3/28/2017,15:23:52,0.90845829,FB
3/28/2017,15:23:53,0.744091053,FB
3/28/2017,15:24:10,0.879660643,AAPL
3/28/2017,15:24:20,-0.097094131,TSLA
3/28/2017,15:24:26,0.881029531,AAPL
3/28/2017,15:25:05,0.802361894,AAPL
3/28/2017,15:25:45,0.808631301,AAPL
3/28/2017,15:25:51,0.999615604,AAPL
3/28/2017,15:26:08,0.998017236,AAPL
3/28/2017,15:26:15,0.962473995,TSLA
3/28/2017,15:27:04,0.883483139,TSLA
3/28/2017,15:27:08,0.870967008,AAPL
3/28/2017,15:27:23,0.998098735,AAPL
3/28/2017,15:27:30,0.9989548,TSLA
3/28/2017,15:27:32,0.846281788,AAPL
3/28/2017,15:27:39,0.97674755,AAPL
3/28/2017,15:28:13,0.9873618,TSLA
3/28/2017,15:28:34,0.778107107,FB
3/28/2017,15:28:46,0.840213943,FB
3/28/2017,15:28:48,0.865575378,AAPL
3/28/2017,15:28:54,0.99766127,AAPL
3/28/2017,15:29:41,0.710823291,FB
3/28/2017,15:30:12,0.998943497,TSLA
3/28/2017,15:30:21,0.157226355,TSLA
3/28/2017,15:30:26,-0.097358176,AAPL
3/28/2017,15:30:28,0.998848144,TSLA
3/28/2017,15:30:30,0.856434442,AAPL
3/28/2017,15:30:44,0.907872624,AAPL
3/28/2017,15:31:22,0.132358852,AAPL
3/28/2017,15:31:26,-0.079421424,AAPL
3/28/2017,15:31:51,0.853786334,AAPL
3/28/2017,15:32:08,0.782532975,AAPL
3/28/2017,15:32:33,0.040346856,TSLA
3/28/2017,15:32:57,0.969682326,AAPL
3/28/2017,15:33:43,0.127725149,TSLA
3/28/2017,15:33:58,0.896758926,AAPL
3/28/2017,15:34:09,0.961171351,AAPL
3/28/2017,15:34:31,0.838137805,AAPL
3/28/2017,15:34:37,0.151730032,TSLA
3/28/2017,15:34:42,0.830705128,AAPL
3/28/2017,15:34:58,0.180188015,AAPL
3/28/2017,15:35:06,0.943809684,AAPL
3/28/2017,15:35:18,-0.180466492,FB
3/28/2017,15:35:20,0.764032302,TSLA
3/28/2017,15:35:34,0.872068934,AAPL
3/28/2017,15:35:35,0.95308542,TSLA
3/28/2017,15:35:41,0.931637878,AAPL
3/28/2017,15:37:05,0.934649357,AAPL
3/28/2017,15:37:11,-0.05444478,FB
3/28/2017,15:37:46,0.871286113,AAPL
3/28/2017,15:38:01,-0.186093496,AAPL
3/28/2017,15:38:53,0.962924755,FB
3/28/2017,15:39:19,0.974901136,AAPL
3/28/2017,15:39:33,0.98864583,AAPL
3/28/2017,15:39:46,0.992726837,AAPL
3/28/2017,15:40:27,0.808536269,AAPL
3/28/2017,15:40:28,0.968730329,AAPL
3/28/2017,15:40:51,0.977612381,AAPL
3/28/2017,15:40:55,0.998959505,AAPL
3/28/2017,15:41:02,-0.804699961,TSLA
3/28/2017,15:41:17,0.960702287,AAPL
3/28/2017,15:41:40,0.716594841,AAPL
3/28/2017,15:42:05,-0.760417645,AAPL
3/28/2017,15:42:13,0.997919436,AAPL
3/28/2017,15:42:21,0.799808932,TSLA
3/28/2017,15:42:22,0.993285173,TSLA
3/28/2017,15:42:30,-0.168112146,TSLA
3/28/2017,15:43:06,0.8432315,AAPL
3/28/2017,15:43:23,0.822545876,FB
3/28/2017,15:43:41,0.846941339,AAPL
3/28/2017,15:43:47,0.717365348,AAPL
3/28/2017,15:44:10,0.087154758,FB
3/28/2017,15:44:11,0.876646498,AAPL
3/28/2017,15:44:58,0.810454709,AAPL
3/28/2017,15:45:20,0.918460689,AAPL
3/28/2017,15:45:34,0.891433599,AAPL
3/28/2017,15:45:58,0.97928078,TSLA
3/28/2017,15:46:02,0.907229573,AAPL
3/28/2017,15:46:35,0.177301764,AAPL
3/28/2017,15:46:42,0.174899324,TSLA
3/28/2017,15:47:00,0.866423858,AAPL
3/28/2017,15:47:20,0.972570193,AAPL
3/28/2017,15:47:26,0.993041297,TSLA
3/28/2017,15:47:35,0.989442702,TSLA
3/28/2017,15:47:47,0.988495652,AAPL
3/28/2017,15:47:52,0.111827538,AAPL
3/28/2017,15:48:26,0.997205472,AAPL
3/28/2017,15:48:27,0.151730032,TSLA
3/28/2017,15:48:49,0.874967695,AAPL
3/28/2017,15:48:52,0.171923479,AAPL
3/28/2017,15:49:27,0.755560724,AAPL
3/28/2017,15:49:28,-0.744683448,TSLA
3/28/2017,15:49:47,0.98658016,AAPL
3/28/2017,15:50:16,0.981228648,AAPL
3/28/2017,15:50:27,0.999419492,TSLA
3/28/2017,15:50:48,0.716584014,FB
3/28/2017,15:51:21,-0.906816806,TSLA
3/28/2017,15:51:32,0.996525465,TSLA
3/28/2017,15:51:44,0.189219413,TSLA
3/28/2017,15:51:44,0.991739323,FB
3/28/2017,15:51:49,0.989960209,AAPL
3/28/2017,15:51:53,0.912097041,AAPL
3/28/2017,15:52:17,-0.980958307,TSLA
3/28/2017,15:52:24,0.013701266,TSLA
3/28/2017,15:52:26,0.989321896,AAPL
3/28/2017,15:52:58,0.995969135,AAPL
3/28/2017,15:53:17,0.156810388,AAPL
3/28/2017,15:53:22,0.80288656,AAPL
3/28/2017,15:53:28,0.952695521,AAPL
3/28/2017,15:53:49,0.759477443,AAPL
3/28/2017,15:53:58,0.918690658,AAPL
3/28/2017,15:54:12,0.943672054,AAPL
3/28/2017,15:54:16,0.933196871,AAPL
3/28/2017,15:54:29,0.992676075,AAPL
3/28/2017,15:54:42,0.982854316,AAPL
3/28/2017,15:55:03,0.157238268,TSLA
3/28/2017,15:55:12,0.726893695,TSLA
3/28/2017,15:55:19,0.142173355,TSLA
3/28/2017,15:55:32,0.713732868,AAPL
3/28/2017,15:55:43,0.178686491,AAPL
3/28/2017,15:56:05,0.030175419,TSLA
3/28/2017,15:56:07,0.874081196,TSLA
3/28/2017,15:56:12,0.874565098,AAPL
3/28/2017,15:56:15,0.137033894,AAPL
3/28/2017,15:56:40,0.913949537,AAPL
3/28/2017,15:57:09,0.920098472,AAPL
3/28/2017,15:57:23,0.950249203,AAPL
3/28/2017,15:57:26,-0.132965429,TSLA
3/28/2017,15:57:37,0.840039549,AAPL
3/28/2017,15:57:52,0.789509216,AAPL
3/28/2017,15:57:58,0.743914781,AAPL
3/28/2017,15:58:03,0.810292443,AAPL
3/28/2017,15:58:15,0.993767233,FB
3/28/2017,15:58:15,0.032223294,FB
3/28/2017,15:58:16,0.922958425,AAPL
3/28/2017,15:58:43,0.193335351,AAPL
3/28/2017,15:58:48,0.921759944,AAPL
3/28/2017,15:58:56,0.076277218,TSLA
3/28/2017,15:59:30,0.839641883,AAPL
3/28/2017,15:59:50,0.71815172,AAPL
3/28/2017,16:00:23,0.96669856,AAPL
3/28/2017,16:00:34,0.760867024,AAPL
3/28/2017,16:00:35,0.190445395,FB
3/28/2017,16:00:37,0.822524606,TSLA
3/28/2017,16:00:44,0.838425077,AAPL
3/28/2017,16:00:45,0.924900317,TSLA
3/28/2017,16:01:00,0.818672804,AAPL
3/28/2017,16:01:06,0.829495169,AAPL
3/28/2017,16:01:07,-0.995196722,TSLA
3/28/2017,16:01:37,-0.147637529,AAPL
3/28/2017,16:02:29,0.726990106,FB
3/28/2017,16:02:47,0.967206706,AAPL
3/28/2017,16:03:33,-0.068661709,FB
3/28/2017,16:03:40,0.789613456,AAPL
3/28/2017,16:03:50,0.102530474,TSLA
3/28/2017,16:03:53,0.960946637,AAPL
3/28/2017,16:04:35,0.934240624,AAPL
3/28/2017,16:04:38,0.983317095,AAPL
3/28/2017,16:04:43,0.77154781,FB
3/28/2017,16:05:19,-0.796068131,TSLA
3/28/2017,16:05:32,0.797745946,AAPL
3/28/2017,16:05:36,0.828224938,AAPL
3/28/2017,16:05:36,0.987162779,AAPL
3/28/2017,16:05:38,0.839584528,AAPL
3/28/2017,16:05:50,0.930620007,AAPL
3/28/2017,16:05:53,0.951757483,AAPL
3/28/2017,16:06:03,0.797745946,AAPL
3/28/2017,16:06:09,0.998720765,AAPL
3/28/2017,16:06:30,0.726990106,AAPL
3/28/2017,16:06:43,0.982373993,FB
3/28/2017,16:06:44,0.714910755,AAPL
3/28/2017,16:06:44,0.866423858,AAPL
3/28/2017,16:06:47,0.982610378,TSLA
3/28/2017,16:06:52,0.994570641,AAPL
3/28/2017,16:06:56,0.82781883,AAPL
3/28/2017,16:07:09,0.912989672,AAPL
3/28/2017,16:07:21,0.976678173,AAPL
3/28/2017,16:07:30,-0.853135281,TSLA
3/28/2017,16:07:44,0.797745946,AAPL
3/28/2017,16:07:54,0.994183749,AAPL
3/28/2017,16:07:59,0.790910558,AAPL
3/28/2017,16:07:59,0.928869329,AAPL
3/28/2017,16:08:02,0.997307039,AAPL
3/28/2017,16:08:08,0.775453257,AAPL
3/28/2017,16:08:15,0.770257844,TSLA
3/28/2017,16:08:16,0.879767986,AAPL
3/28/2017,16:08:24,0.893580751,AAPL
3/28/2017,16:08:31,0.800312549,AAPL
3/28/2017,16:08:32,0.997390015,AAPL
3/28/2017,16:08:46,0.899338055,AAPL
3/28/2017,16:08:58,0.911435555,AAPL
3/28/2017,16:09:17,0.981219972,AAPL
3/28/2017,16:09:17,-0.169039418,AAPL
3/28/2017,16:09:20,0.921912281,AAPL
3/28/2017,16:09:24,-0.859624416,TSLA
3/28/2017,16:09:38,-0.169274377,TSLA
3/28/2017,16:09:38,0.010112935,AAPL
3/28/2017,16:09:44,0.879767986,AAPL
3/28/2017,16:09:48,-0.043357426,AAPL
3/28/2017,16:09:59,0.788307161,AAPL
3/28/2017,16:10:26,0.700684271,AAPL
3/28/2017,16:10:34,0.92246749,TSLA
3/28/2017,16:10:42,0.998599327,AAPL
3/28/2017,16:10:42,0.893284979,FB
3/28/2017,16:10:43,0.887500105,AAPL
3/28/2017,16:10:56,0.82212935,AAPL
3/28/2017,16:11:03,0.992388407,AAPL
3/28/2017,16:11:10,0.912082848,AAPL
3/28/2017,16:11:13,0.999460229,AAPL
3/28/2017,16:11:28,0.994888412,AAPL
3/28/2017,16:11:36,0.762598095,AAPL
3/28/2017,16:11:39,0.727312035,FB
3/28/2017,16:11:44,0.722892603,AAPL
3/28/2017,16:11:45,0.853224858,FB
3/28/2017,16:11:58,0.030253497,AAPL
3/28/2017,16:12:09,0.936340687,AAPL
3/28/2017,16:12:11,0.703396266,TSLA
3/28/2017,16:12:13,-0.998628819,AAPL
3/28/2017,16:12:29,0.993556192,AAPL
3/28/2017,16:12:38,0.859396879,FB
3/28/2017,16:13:12,0.132865232,AAPL
3/28/2017,16:13:13,0.920653246,AAPL
3/28/2017,16:13:17,-0.104638425,AAPL
3/28/2017,16:13:34,0.700085372,TSLA
3/28/2017,16:13:41,0.705525998,FB
3/28/2017,16:13:53,0.936391474,AAPL
3/28/2017,16:14:09,0.802411314,AAPL
3/28/2017,16:14:17,0.826990932,TSLA
3/28/2017,16:14:21,0.876627552,FB
3/28/2017,16:14:21,-0.007098258,TSLA
3/28/2017,16:14:31,0.795755683,AAPL
3/28/2017,16:14:34,0.95602238,AAPL
3/28/2017,16:14:43,0.932181287,TSLA
3/28/2017,16:14:46,0.997678451,AAPL
3/28/2017,16:14:54,0.161666067,AAPL
3/28/2017,16:14:57,0.739922405,TSLA
3/28/2017,16:15:00,0.786827645,AAPL
3/28/2017,16:15:03,0.958964305,TSLA
3/28/2017,16:15:07,0.973758118,FB
3/28/2017,16:15:07,0.879930913,AAPL
3/28/2017,16:15:22,0.810454709,AAPL
3/28/2017,16:15:29,0.99617078,AAPL
3/28/2017,16:15:58,-0.844017447,AAPL
3/28/2017,16:16:06,0.864794052,FB
3/28/2017,16:16:12,0.127040806,TSLA
3/28/2017,16:16:15,0.961912574,AAPL
3/28/2017,16:16:31,0.752790919,FB
3/28/2017,16:16:49,0.944526271,AAPL
3/28/2017,16:17:14,0.001636378,AAPL
3/28/2017,16:17:27,-0.19674768,AAPL
3/28/2017,16:18:09,0.997034777,AAPL
3/28/2017,16:18:22,0.166404394,AAPL
3/28/2017,16:18:34,0.783668536,TSLA
3/28/2017,16:18:40,0.97839991,AAPL
3/28/2017,16:18:45,0.850239052,AAPL
3/28/2017,16:19:06,0.995692088,AAPL
3/28/2017,16:19:10,0.987448233,FB
3/28/2017,16:19:23,0.81593018,TSLA
3/28/2017,16:19:29,0.993676988,AAPL
3/28/2017,16:19:54,0.863665023,FB
3/28/2017,16:19:55,0.91844831,AAPL
3/28/2017,16:20:34,0.997400798,AAPL
3/28/2017,16:20:36,0.757432329,FB
3/28/2017,16:20:49,0.935945867,AAPL
3/28/2017,16:20:54,0.146014712,AAPL
3/28/2017,16:21:16,0.97261023,FB
3/28/2017,16:21:50,0.850041352,AAPL
3/28/2017,16:21:52,0.9661803,AAPL
3/28/2017,16:21:52,0.700336844,TSLA
3/28/2017,16:22:02,0.917189827,AAPL
3/28/2017,16:22:56,0.987695097,TSLA
3/28/2017,16:23:10,-0.818470814,TSLA
3/28/2017,16:23:16,0.724759651,TSLA
3/28/2017,16:23:35,0.041962703,TSLA
3/28/2017,16:24:08,0.96207799,AAPL
3/28/2017,16:24:34,0.996239042,AAPL
3/28/2017,16:24:40,0.183505787,AAPL
3/28/2017,16:25:49,0.981308573,AAPL
3/28/2017,16:25:58,0.95896182,AAPL
3/28/2017,16:26:44,0.949199789,TSLA
3/28/2017,16:26:52,0.080857817,TSLA
3/28/2017,16:27:06,0.847298692,AAPL
3/28/2017,16:27:25,0.912882077,FB
3/28/2017,16:27:49,0.096862794,TSLA
3/28/2017,16:28:00,0.924153184,FB
3/28/2017,16:28:23,0.838900485,TSLA
3/28/2017,16:28:39,0.903158575,AAPL
3/28/2017,16:29:04,0.8306838,TSLA
3/28/2017,16:29:29,-0.025467438,AAPL
3/28/2017,16:29:38,0.998592064,TSLA
3/28/2017,16:30:14,0.136835488,AAPL
3/28/2017,16:30:40,0.891361101,AAPL
3/28/2017,16:32:18,0.853668416,AAPL
3/28/2017,16:32:23,0.797745946,AAPL
3/28/2017,16:32:40,0.946227827,AAPL
3/28/2017,16:32:41,0.053915592,FB
3/28/2017,16:32:47,-0.007225319,FB
3/28/2017,16:33:10,0.901520532,TSLA
3/28/2017,16:33:39,0.989799741,TSLA
3/28/2017,16:34:00,0.828813169,AAPL
3/28/2017,16:36:30,0.9759234,TSLA
3/28/2017,16:36:41,0.97629634,AAPL
3/28/2017,16:36:49,0.72547328,TSLA
3/28/2017,16:36:49,0.905045126,TSLA
3/28/2017,16:36:51,0.869633826,AAPL
3/28/2017,16:37:05,0.889386553,AAPL
3/28/2017,16:37:20,-0.782549113,AAPL
3/28/2017,16:37:21,0.817503983,AAPL
3/28/2017,16:38:09,0.106357731,AAPL
3/28/2017,16:38:16,0.86245117,AAPL
3/28/2017,16:38:50,0.794334789,AAPL
3/28/2017,16:39:03,0.737146071,FB
3/28/2017,16:39:17,0.912729416,AAPL
3/28/2017,16:39:31,0.913748203,AAPL
3/28/2017,16:39:39,-0.143628573,AAPL
3/28/2017,16:39:39,0.765683986,AAPL
3/28/2017,16:39:40,0.00378479,AAPL
3/28/2017,16:40:17,0.753263221,AAPL
3/28/2017,16:40:18,0.855822704,AAPL
3/28/2017,16:40:19,0.989018127,AAPL
3/28/2017,16:40:34,0.707691942,TSLA
3/28/2017,16:40:35,0.825718843,AAPL
3/28/2017,16:40:37,0.902981735,FB
3/28/2017,16:40:43,0.922958425,AAPL
3/28/2017,16:40:44,-0.722961501,AAPL
3/28/2017,16:40:46,0.989596253,AAPL
3/28/2017,16:41:17,0.769795373,FB
3/28/2017,16:41:54,0.079370974,TSLA
3/28/2017,16:42:09,0.796643704,AAPL
3/28/2017,16:42:10,-0.113887495,TSLA
3/28/2017,16:42:14,0.197062447,AAPL
3/28/2017,16:42:26,0.758215344,AAPL
3/28/2017,16:42:39,0.953480908,AAPL
3/28/2017,16:42:46,0.73470728,FB
3/28/2017,16:42:56,0.888129279,AAPL
3/28/2017,16:42:57,0.862122556,AAPL
3/28/2017,16:43:00,0.928569983,TSLA
3/28/2017,16:43:23,0.805770483,AAPL
3/28/2017,16:43:27,0.984074343,AAPL
3/28/2017,16:43:55,0.031618535,AAPL
3/28/2017,16:44:07,0.981605371,AAPL
3/28/2017,16:44:10,0.797874967,TSLA
3/28/2017,16:44:44,0.977836303,AAPL
3/28/2017,16:45:08,0.864136247,AAPL
3/28/2017,16:45:14,-0.933816015,AAPL
3/28/2017,16:45:18,0.998210464,AAPL
3/28/2017,16:45:24,0.981681315,AAPL
3/28/2017,16:45:31,0.750536169,TSLA
3/28/2017,16:45:33,-0.149637763,TSLA
3/28/2017,16:45:40,0.99357497,AAPL
3/28/2017,16:45:51,0.841845601,TSLA
3/28/2017,16:46:02,0.857673678,AAPL
3/28/2017,16:46:09,0.844475129,AAPL
3/28/2017,16:46:26,-0.118085128,AAPL
3/28/2017,16:46:40,0.970818301,AAPL
3/28/2017,16:46:46,0.829682348,AAPL
3/28/2017,16:46:48,0.939407533,AAPL
3/28/2017,16:47:24,0.9992215,TSLA
3/28/2017,16:47:30,0.754087277,AAPL
3/28/2017,16:47:34,0.88485196,TSLA
3/28/2017,16:47:36,0.99141917,AAPL
3/28/2017,16:48:27,0.953953838,AAPL
3/28/2017,16:48:28,0.951546058,AAPL
3/28/2017,16:48:42,0.892113654,AAPL
3/28/2017,16:49:07,0.866645652,FB
3/28/2017,16:49:16,0.989241366,TSLA
3/28/2017,16:49:32,0.998067715,TSLA
3/28/2017,16:49:34,0.881945352,TSLA
3/28/2017,16:49:43,0.061374998,AAPL
3/28/2017,16:50:41,0.722282612,TSLA
3/28/2017,16:51:17,0.923863966,TSLA
3/28/2017,16:51:23,0.048416479,AAPL
3/28/2017,16:51:25,0.176539438,AAPL
3/28/2017,16:51:38,0.944604472,FB
3/28/2017,16:51:41,0.922134301,AAPL
3/28/2017,16:51:58,0.966692931,TSLA
3/28/2017,16:52:23,-0.729940609,AAPL
3/28/2017,16:52:32,0.144946102,TSLA
3/28/2017,16:52:41,0.958189754,AAPL
3/28/2017,16:52:50,0.807481521,TSLA
3/28/2017,16:52:53,-0.082470053,TSLA
3/28/2017,16:53:03,0.989983027,AAPL
3/28/2017,16:53:04,0.151730032,TSLA
3/28/2017,16:53:04,0.841602532,FB
3/28/2017,16:54:12,0.989608831,AAPL
3/28/2017,16:54:26,0.849240917,AAPL
3/28/2017,16:54:42,0.064801361,TSLA
3/28/2017,16:55:05,-0.012029948,FB
3/28/2017,16:55:22,0.76956685,AAPL
3/28/2017,16:55:54,0.015498876,TSLA
3/28/2017,16:56:06,0.75650589,AAPL
3/28/2017,16:56:23,0.951497238,FB
3/28/2017,16:56:49,0.766640889,AAPL
3/28/2017,16:56:53,-0.015922069,TSLA
3/28/2017,16:56:58,0.112705058,TSLA
3/28/2017,16:57:00,0.167382197,AAPL
3/28/2017,16:57:19,0.850456561,FB
3/28/2017,16:57:49,0.753705457,AAPL
3/28/2017,16:58:30,0.993277937,AAPL
3/28/2017,16:58:32,0.999478643,TSLA
3/28/2017,16:58:37,0.975802807,TSLA
3/28/2017,16:58:48,0.773413026,FB
3/28/2017,16:59:31,0.771193025,TSLA
3/28/2017,16:59:46,0.749897719,FB
3/28/2017,16:59:51,-0.118656988,AAPL
3/28/2017,16:59:59,0.962351485,FB
3/28/2017,17:00:12,0.99099697,FB
3/28/2017,17:00:20,0.776289213,TSLA
3/28/2017,17:00:23,0.070003575,AAPL
3/28/2017,17:00:26,0.748195143,TSLA
3/28/2017,17:02:08,0.925649588,AAPL
3/28/2017,17:02:08,0.091256909,AAPL
3/28/2017,17:02:23,0.834437894,AAPL
3/28/2017,17:02:27,0.915548924,AAPL
3/28/2017,17:02:41,0.826620829,FB
3/28/2017,17:02:41,0.982527189,AAPL
3/28/2017,17:03:11,0.856694344,AAPL
3/28/2017,17:03:11,0.099314816,AAPL
3/28/2017,17:03:27,-0.826636616,TSLA
3/28/2017,17:03:34,0.998145481,AAPL
3/28/2017,17:03:52,0.895512801,AAPL
3/28/2017,17:03:55,0.102706284,FB
3/28/2017,17:04:05,0.991158697,AAPL
3/28/2017,17:04:31,0.168041887,TSLA
3/28/2017,17:04:33,0.788626086,FB
3/28/2017,17:04:40,0.120411164,AAPL
3/28/2017,17:04:49,0.785319564,TSLA
3/28/2017,17:04:49,-0.99868814,TSLA
3/28/2017,17:05:02,0.719934392,AAPL
3/28/2017,17:05:14,0.975338765,AAPL
3/28/2017,17:05:29,0.797745946,AAPL
3/28/2017,17:05:50,0.963031565,TSLA
3/28/2017,17:06:05,0.881801357,AAPL
3/28/2017,17:06:06,0.783915512,AAPL
3/28/2017,17:06:07,0.714575497,TSLA
3/28/2017,17:06:15,-0.012421428,TSLA
3/28/2017,17:06:17,0.809364412,AAPL
3/28/2017,17:06:23,0.033732024,TSLA
3/28/2017,17:06:29,0.726993351,TSLA
3/28/2017,17:06:38,0.996091119,FB
3/28/2017,17:07:00,0.888153031,AAPL
3/28/2017,17:07:07,0.040622223,TSLA
3/28/2017,17:07:07,0.805986531,TSLA
3/28/2017,17:07:28,0.805008267,AAPL
3/28/2017,17:07:40,0.736651273,AAPL
3/28/2017,17:07:46,0.988657654,TSLA
3/28/2017,17:07:51,0.978822649,AAPL
3/28/2017,17:08:00,0.885832031,TSLA
3/28/2017,17:08:24,-0.809069316,FB
3/28/2017,17:08:28,0.761730851,AAPL
3/28/2017,17:08:50,0.925781473,TSLA
3/28/2017,17:08:51,0.804541715,TSLA
3/28/2017,17:08:58,0.833187873,AAPL
3/28/2017,17:09:11,0.804273798,TSLA
3/28/2017,17:09:27,0.868110461,FB
3/28/2017,17:09:27,0.71290334,TSLA
3/28/2017,17:09:29,0.943875557,AAPL
3/28/2017,17:09:38,0.900236659,AAPL
3/28/2017,17:09:44,0.726829162,TSLA
3/28/2017,17:09:50,-0.07342534,TSLA
3/28/2017,17:09:57,0.732777213,TSLA
3/28/2017,17:10:04,0.029174073,TSLA
3/28/2017,17:10:04,0.106667959,TSLA
3/28/2017,17:10:11,0.954839636,AAPL
3/28/2017,17:10:16,0.190567115,TSLA
3/28/2017,17:10:31,0.822545876,FB
3/28/2017,17:10:42,0.148847675,TSLA
3/28/2017,17:11:03,0.73518639,TSLA
3/28/2017,17:12:02,0.797745946,AAPL
3/28/2017,17:12:08,0.882631477,AAPL
3/28/2017,17:12:10,0.71290334,TSLA
3/28/2017,17:12:18,0.71290334,TSLA
3/28/2017,17:12:40,0.065073002,AAPL
3/28/2017,17:12:42,0.889467013,AAPL
3/28/2017,17:12:44,0.744607454,AAPL
3/28/2017,17:12:52,0.177166975,AAPL
3/28/2017,17:12:56,0.170022457,AAPL
3/28/2017,17:13:12,0.914626217,FB
3/28/2017,17:13:12,0.840541863,AAPL
3/28/2017,17:13:34,0.06654683,TSLA
3/28/2017,17:13:40,0.976438766,AAPL
3/28/2017,17:13:47,0.775150175,AAPL
3/28/2017,17:14:04,-0.996464681,TSLA
3/28/2017,17:14:11,-0.196874823,TSLA
3/28/2017,17:14:11,0.994006611,AAPL
3/28/2017,17:14:24,0.729895099,TSLA
3/28/2017,17:14:25,0.954193909,AAPL
3/28/2017,17:14:28,0.710111206,AAPL
3/28/2017,17:14:38,0.73879686,TSLA
3/28/2017,17:14:49,0.776726189,TSLA
3/28/2017,17:14:49,0.808264279,TSLA
3/28/2017,17:14:57,0.804727418,TSLA
3/28/2017,17:15:11,0.860502124,TSLA
3/28/2017,17:15:20,0.93846583,TSLA
3/28/2017,17:15:25,0.155343206,AAPL
3/28/2017,17:15:36,-0.028330007,TSLA
3/28/2017,17:15:36,0.967498645,AAPL
3/28/2017,17:15:41,0.049325504,TSLA
3/28/2017,17:15:43,0.797745946,AAPL
3/28/2017,17:15:49,0.847148231,TSLA
3/28/2017,17:15:52,0.743914781,FB
3/28/2017,17:15:56,0.99481277,AAPL
3/28/2017,17:16:02,0.720738884,TSLA
3/28/2017,17:16:21,0.846170666,FB
3/28/2017,17:16:22,0.718685829,TSLA
3/28/2017,17:16:33,0.718941378,TSLA
3/28/2017,17:16:57,0.995991382,AAPL
3/28/2017,17:17:16,-0.00933054,TSLA
3/28/2017,17:17:18,0.781663052,TSLA
3/28/2017,17:17:32,0.964850206,AAPL
3/28/2017,17:17:49,-0.046848265,TSLA
3/28/2017,17:18:09,0.172571958,FB
3/28/2017,17:18:14,0.947027521,TSLA
3/28/2017,17:18:16,-0.09743062,FB
3/28/2017,17:19:06,0.967951662,AAPL
3/28/2017,17:19:31,0.860890875,TSLA
3/28/2017,17:19:39,0.774789636,TSLA
3/28/2017,17:19:40,0.722809653,TSLA
3/28/2017,17:19:41,0.743427869,TSLA
3/28/2017,17:19:55,0.753470364,AAPL
3/28/2017,17:20:08,0.991045632,TSLA
3/28/2017,17:20:10,0.932443755,TSLA
3/28/2017,17:20:26,0.81853867,AAPL
3/28/2017,17:20:36,0.808118387,TSLA
3/28/2017,17:20:45,0.74874788,AAPL
3/28/2017,17:21:01,0.972914809,TSLA
3/28/2017,17:21:08,-0.788731049,TSLA
3/28/2017,17:21:09,0.712000894,TSLA
3/28/2017,17:21:12,0.012653253,TSLA
3/28/2017,17:21:22,0.985623594,TSLA
3/28/2017,17:21:33,0.959619599,FB
3/28/2017,17:21:47,0.847099121,TSLA
3/28/2017,17:21:58,0.170022457,AAPL
3/28/2017,17:22:03,0.966594016,AAPL
3/28/2017,17:22:05,0.185167128,FB
3/28/2017,17:22:47,0.729419728,TSLA
3/28/2017,17:22:59,0.169628652,TSLA
3/28/2017,17:23:00,0.972914809,TSLA
3/28/2017,17:23:07,0.77930516,FB
3/28/2017,17:23:21,0.733230052,TSLA
3/28/2017,17:23:52,0.974799879,AAPL
3/28/2017,17:23:53,-0.065930753,TSLA
3/28/2017,17:23:57,0.729185905,FB
3/28/2017,17:24:08,0.997306702,FB
3/28/2017,17:24:16,-0.762581689,TSLA
3/28/2017,17:24:27,0.969085572,AAPL
3/28/2017,17:24:34,0.964329054,FB
3/28/2017,17:24:44,0.884029381,TSLA
3/28/2017,17:24:58,0.763179908,AAPL
3/28/2017,17:25:08,-0.104586393,AAPL
3/28/2017,17:25:17,0.954790621,AAPL
3/28/2017,17:25:23,0.946742017,AAPL
3/28/2017,17:25:44,0.164585311,AAPL
3/28/2017,17:25:50,-0.865606577,TSLA
3/28/2017,17:26:12,0.73484864,AAPL
3/28/2017,17:26:17,0.943021191,AAPL
3/28/2017,17:26:19,0.935570539,AAPL
3/28/2017,17:26:24,0.940030204,AAPL
3/28/2017,17:26:29,0.945433523,FB
3/28/2017,17:26:29,0.977863376,AAPL
3/28/2017,17:26:40,-0.888883372,TSLA
3/28/2017,17:26:53,0.82763696,TSLA
3/28/2017,17:26:53,0.987962505,AAPL
3/28/2017,17:26:57,0.831044997,AAPL
3/28/2017,17:27:11,0.964535789,FB
3/28/2017,17:28:24,0.949593911,AAPL
3/28/2017,17:28:33,0.875285113,AAPL
3/28/2017,17:28:43,0.992025023,AAPL
3/28/2017,17:28:52,0.972668958,AAPL
3/28/2017,17:28:55,0.938305407,TSLA
3/28/2017,17:29:06,0.919450684,AAPL
3/28/2017,17:29:27,0.133338749,TSLA
3/28/2017,17:29:31,0.918292416,TSLA
3/28/2017,17:29:40,0.996080296,AAPL
3/28/2017,17:29:46,0.872233864,FB
3/28/2017,17:29:49,0.982002697,AAPL
3/28/2017,17:29:54,0.81985515,FB
3/28/2017,17:29:59,0.860553441,AAPL
3/28/2017,17:30:10,0.726990106,FB
3/28/2017,17:30:16,0.97036468,AAPL
3/28/2017,17:30:51,0.788478598,FB
3/28/2017,17:30:51,-0.136313217,AAPL
3/28/2017,17:31:17,0.834771949,FB
3/28/2017,17:31:42,0.808002871,TSLA
3/28/2017,17:32:04,0.989268058,TSLA
3/28/2017,17:32:11,0.869824527,AAPL
3/28/2017,17:32:31,0.796615649,TSLA
3/28/2017,17:32:37,0.034973272,FB
3/28/2017,17:32:40,0.949176486,AAPL
3/28/2017,17:32:51,0.855673402,AAPL
3/28/2017,17:33:28,0.149410043,TSLA
3/28/2017,17:33:54,0.966956684,TSLA
3/28/2017,17:34:18,0.83863649,AAPL
3/28/2017,17:34:35,0.797970916,TSLA
3/28/2017,17:35:25,0.835425437,AAPL
3/28/2017,17:35:32,0.960794232,FB
3/28/2017,17:35:35,0.845637755,AAPL
3/28/2017,17:36:09,0.859668571,AAPL
3/28/2017,17:36:29,-0.16850214,TSLA
3/28/2017,17:36:35,0.992004527,AAPL
3/28/2017,17:36:37,0.89583073,AAPL
3/28/2017,17:36:48,0.966467801,TSLA
3/28/2017,17:37:06,0.923543524,AAPL
3/28/2017,17:37:33,0.118843374,TSLA
3/28/2017,17:37:42,0.97763473,AAPL
3/28/2017,17:37:59,-0.022255068,TSLA
3/28/2017,17:38:07,0.120009949,TSLA
3/28/2017,17:38:27,0.963583245,TSLA
3/28/2017,17:38:50,0.993314381,AAPL
3/28/2017,17:38:50,0.944899249,AAPL
3/28/2017,17:38:58,0.762198876,TSLA
3/28/2017,17:39:55,0.968721599,AAPL
3/28/2017,17:40:15,0.09265758,TSLA
3/28/2017,17:40:31,0.951318441,FB
3/28/2017,17:40:32,0.747439459,FB
3/28/2017,17:40:53,0.947013111,FB
3/28/2017,17:41:32,0.170970716,TSLA
3/28/2017,17:41:56,0.77415947,TSLA
3/28/2017,17:42:04,-0.893014093,TSLA
3/28/2017,17:42:11,0.822027662,FB
3/28/2017,17:42:17,0.918245012,AAPL
3/28/2017,17:42:58,0.989012784,FB
3/28/2017,17:43:19,0.934307841,AAPL
3/28/2017,17:43:19,0.978966383,TSLA
3/28/2017,17:43:26,0.784842645,FB
3/28/2017,17:43:40,0.849579618,AAPL
3/28/2017,17:43:44,0.771540227,TSLA
3/28/2017,17:43:57,-0.001999348,AAPL
3/28/2017,17:44:08,0.976455629,AAPL
3/28/2017,17:44:24,0.975412665,TSLA
3/28/2017,17:44:27,0.880548987,AAPL
3/28/2017,17:44:36,0.892151327,AAPL
3/28/2017,17:45:31,0.998959011,AAPL
3/28/2017,17:45:53,0.98704291,AAPL
3/28/2017,17:45:54,0.916041343,TSLA
3/28/2017,17:45:58,0.828853492,TSLA
3/28/2017,17:46:00,0.999525582,TSLA
3/28/2017,17:46:07,0.879085727,TSLA
3/28/2017,17:46:11,0.071474602,AAPL
3/28/2017,17:46:39,0.821329412,AAPL
3/28/2017,17:46:51,0.871299726,AAPL
3/28/2017,17:46:56,0.980901328,AAPL
3/28/2017,17:46:58,0.910496856,TSLA
3/28/2017,17:46:59,-0.089571617,TSLA
3/28/2017,17:47:39,0.999365753,AAPL
3/28/2017,17:47:43,0.075027796,FB
3/28/2017,17:47:45,0.94892454,AAPL
3/28/2017,17:48:10,-0.126884241,AAPL
3/28/2017,17:48:42,0.893781027,FB
3/28/2017,17:48:43,0.92355035,AAPL
3/28/2017,17:48:59,0.745268342,FB
3/28/2017,17:49:12,0.987658977,AAPL
3/28/2017,17:49:16,0.071371664,TSLA
3/28/2017,17:49:20,0.710986006,AAPL
3/28/2017,17:49:57,-0.044307751,AAPL
3/28/2017,17:50:00,0.998495121,FB
3/28/2017,17:50:49,0.911038592,AAPL
3/28/2017,17:51:27,0.99646114,FB
3/28/2017,17:51:27,-0.782054632,TSLA
3/28/2017,17:52:24,0.083226088,TSLA
3/28/2017,17:52:32,0.992480967,AAPL
3/28/2017,17:52:33,0.966594016,AAPL
3/28/2017,17:52:55,0.164957111,AAPL
3/28/2017,17:52:57,0.99459787,AAPL
3/28/2017,17:52:58,0.896649504,AAPL
3/28/2017,17:53:03,0.994413263,AAPL
3/28/2017,17:53:04,0.792040535,AAPL
3/28/2017,17:53:24,0.974463012,FB
3/28/2017,17:53:28,0.120989601,TSLA
3/28/2017,17:53:44,0.986223495,FB
3/28/2017,17:53:50,-0.779923041,TSLA
3/28/2017,17:54:13,0.999970475,AAPL
3/28/2017,17:54:14,0.852100022,AAPL
3/28/2017,17:54:28,0.851445025,TSLA
3/28/2017,17:54:56,0.865563287,AAPL
3/28/2017,17:54:59,-0.766404255,TSLA
3/28/2017,17:55:09,0.771624888,TSLA
3/28/2017,17:55:24,0.979431593,AAPL
3/28/2017,17:55:26,0.935776035,AAPL
3/28/2017,17:55:37,-0.910111995,TSLA
3/28/2017,17:55:52,0.999940762,AAPL
3/28/2017,17:55:53,-0.139807277,AAPL
3/28/2017,17:56:10,0.820635408,TSLA
3/28/2017,17:56:26,0.933542007,AAPL
3/28/2017,17:56:32,0.923501571,AAPL
3/28/2017,17:56:39,0.047255529,AAPL
3/28/2017,17:56:53,-0.061496083,AAPL
3/28/2017,17:57:14,0.995944644,TSLA
3/28/2017,17:58:37,0.763317529,TSLA
3/28/2017,17:58:38,0.953333285,AAPL
3/28/2017,17:58:43,-0.009939142,TSLA
3/28/2017,17:59:17,0.102804914,TSLA
3/28/2017,17:59:32,0.975570796,AAPL
3/28/2017,17:59:43,0.809452131,TSLA
3/28/2017,17:59:47,0.011075106,AAPL
3/28/2017,17:59:52,0.793960836,TSLA
3/28/2017,18:00:12,0.842414686,AAPL
3/28/2017,18:00:21,0.775280316,AAPL
3/28/2017,18:00:23,0.988281524,FB
3/28/2017,18:00:28,0.981556801,AAPL
3/28/2017,18:00:32,0.183114243,TSLA
3/28/2017,18:01:20,0.162354168,AAPL
3/28/2017,18:01:33,0.708287024,TSLA
3/28/2017,18:02:03,0.908846509,AAPL
3/28/2017,18:02:10,0.878592441,AAPL
3/28/2017,18:02:22,0.711324762,AAPL
3/28/2017,18:02:29,0.968692893,TSLA
3/28/2017,18:02:38,0.800120104,AAPL
3/28/2017,18:02:40,0.900844456,AAPL
3/28/2017,18:02:41,0.983834699,AAPL
3/28/2017,18:02:42,0.152877128,AAPL
3/28/2017,18:02:45,0.930561609,AAPL
3/28/2017,18:02:55,0.825241892,AAPL
3/28/2017,18:02:57,0.7264009,TSLA
3/28/2017,18:03:10,0.937196431,AAPL
3/28/2017,18:03:22,0.917731815,TSLA
3/28/2017,18:04:00,0.8431506,AAPL
3/28/2017,18:04:12,0.840896857,TSLA
3/28/2017,18:04:24,0.925938555,AAPL
3/28/2017,18:04:37,0.915843476,AAPL
3/28/2017,18:04:48,0.840659113,AAPL
3/28/2017,18:04:52,0.978458517,AAPL
3/28/2017,18:05:11,-0.972545452,AAPL
3/28/2017,18:05:12,0.834779306,AAPL
3/28/2017,18:05:13,-0.911739189,AAPL
3/28/2017,18:05:46,0.926494904,AAPL
3/28/2017,18:05:50,0.999419492,TSLA
3/28/2017,18:06:22,-0.051814345,AAPL
3/28/2017,18:06:46,0.996931672,AAPL
3/28/2017,18:06:49,0.974282309,AAPL
3/28/2017,18:06:52,0.011156964,FB
3/28/2017,18:07:15,0.985393897,AAPL
3/28/2017,18:07:19,0.88481889,AAPL
3/28/2017,18:07:25,0.80288656,AAPL
3/28/2017,18:07:36,0.750766018,AAPL
3/28/2017,18:07:46,0.861393348,AAPL
3/28/2017,18:07:53,0.965446841,AAPL
3/28/2017,18:08:13,0.814316117,AAPL
3/28/2017,18:08:28,0.944127378,AAPL
3/28/2017,18:08:47,0.937092162,TSLA
3/28/2017,18:08:48,0.065554242,AAPL
3/28/2017,18:09:01,0.984657018,AAPL
3/28/2017,18:09:43,0.059931757,AAPL
3/28/2017,18:09:47,0.909917426,AAPL
3/28/2017,18:09:49,0.933761474,TSLA
3/28/2017,18:09:57,0.850497706,FB
3/28/2017,18:09:57,0.793355468,AAPL
3/28/2017,18:10:00,0.962804466,AAPL
3/28/2017,18:10:03,0.994160148,AAPL
3/28/2017,18:10:14,0.975171245,AAPL
3/28/2017,18:10:22,0.065765927,AAPL
3/28/2017,18:10:40,0.953422338,AAPL
3/28/2017,18:11:14,0.9566264,AAPL
3/28/2017,18:11:27,0.983553237,AAPL
3/28/2017,18:11:37,0.852671043,FB
3/28/2017,18:11:47,0.838415797,AAPL
3/28/2017,18:11:55,-0.914843142,FB
3/28/2017,18:12:07,0.810927545,AAPL
3/28/2017,18:12:11,0.069429474,TSLA
3/28/2017,18:12:25,0.825456881,AAPL
3/28/2017,18:12:26,0.803585784,FB
3/28/2017,18:12:27,0.997919271,AAPL
3/28/2017,18:12:38,0.942301467,FB
3/28/2017,18:12:39,0.867796483,AAPL
3/28/2017,18:12:57,0.799285554,FB
3/28/2017,18:13:01,0.028133397,TSLA
3/28/2017,18:13:35,0.953742726,AAPL
3/28/2017,18:13:36,0.994921219,FB
3/28/2017,18:13:39,-0.121445032,AAPL
3/28/2017,18:13:43,0.775453257,AAPL
3/28/2017,18:13:44,0.728167981,AAPL
3/28/2017,18:13:57,0.113074408,TSLA
3/28/2017,18:14:03,0.973538381,AAPL
3/28/2017,18:14:22,0.998641106,AAPL
3/28/2017,18:14:24,0.05428705,AAPL
3/28/2017,18:14:30,0.985508849,AAPL
3/28/2017,18:14:44,0.730994882,TSLA
3/28/2017,18:14:50,0.799661384,FB
3/28/2017,18:14:51,0.181331215,AAPL
3/28/2017,18:15:08,-0.945560618,TSLA
3/28/2017,18:15:11,0.782902581,FB
3/28/2017,18:15:33,0.945903223,AAPL
3/28/2017,18:15:38,0.748963067,FB
3/28/2017,18:15:44,0.985319467,TSLA
3/28/2017,18:15:50,0.797745946,AAPL
3/28/2017,18:15:56,0.873580507,AAPL
3/28/2017,18:16:06,0.151730032,TSLA
3/28/2017,18:16:39,0.902864922,AAPL
3/28/2017,18:16:54,0.056284048,TSLA
3/28/2017,18:17:01,0.976819285,AAPL
3/28/2017,18:17:11,0.929378993,AAPL
3/28/2017,18:18:00,0.898191755,AAPL
3/28/2017,18:18:03,0.997500715,FB
3/28/2017,18:18:13,0.79484034,AAPL
3/28/2017,18:18:24,0.819681113,TSLA
3/28/2017,18:18:41,0.810032901,AAPL
3/28/2017,18:18:54,0.869473668,AAPL
3/28/2017,18:18:54,0.872398703,TSLA
3/28/2017,18:19:01,0.971276945,FB
3/28/2017,18:19:12,0.99967203,TSLA
3/28/2017,18:19:30,0.989797022,AAPL
3/28/2017,18:19:32,0.846651761,AAPL
3/28/2017,18:19:39,0.836163856,FB
3/28/2017,18:20:40,0.777864333,AAPL
3/28/2017,18:21:17,0.760072525,AAPL
3/28/2017,18:21:20,0.761348341,AAPL
3/28/2017,18:21:41,0.979619672,AAPL
3/28/2017,18:22:08,0.927120528,AAPL
3/28/2017,18:22:12,0.829719126,AAPL
3/28/2017,18:22:14,0.745213032,AAPL
3/28/2017,18:22:29,0.082026354,TSLA
3/28/2017,18:22:37,0.957581548,AAPL
3/28/2017,18:22:52,-0.90358264,AAPL
3/28/2017,18:23:07,0.767377822,AAPL
3/28/2017,18:23:13,0.085896888,AAPL
3/28/2017,18:23:19,0.008374107,TSLA
3/28/2017,18:23:33,0.970084574,FB
3/28/2017,18:23:36,0.973690122,AAPL
3/28/2017,18:23:40,0.808649332,AAPL
3/28/2017,18:24:00,0.931174754,AAPL
3/28/2017,18:24:22,0.988287884,AAPL
3/28/2017,18:24:35,0.823919205,FB
3/28/2017,18:24:42,0.789938479,AAPL
3/28/2017,18:24:43,0.758124973,AAPL
3/28/2017,18:24:56,0.855828889,FB
3/28/2017,18:25:08,0.754251935,AAPL
3/28/2017,18:25:11,0.020241439,TSLA
3/28/2017,18:25:21,0.864397661,AAPL
3/28/2017,18:25:33,0.827905028,AAPL
3/28/2017,18:25:35,0.86064917,AAPL
3/28/2017,18:25:38,0.159032169,TSLA
3/28/2017,18:25:42,0.925745438,AAPL
3/28/2017,18:25:52,0.991930726,AAPL
3/28/2017,18:25:57,-0.905915182,TSLA
3/28/2017,18:25:58,0.927713024,AAPL
3/28/2017,18:26:01,0.888206611,AAPL
3/28/2017,18:26:14,0.943113963,AAPL
3/28/2017,18:26:31,0.187472494,AAPL
3/28/2017,18:26:33,0.840011525,AAPL
3/28/2017,18:26:34,0.988261212,AAPL
3/28/2017,18:26:53,0.983804694,AAPL
3/28/2017,18:26:53,0.894756111,AAPL
3/28/2017,18:26:56,0.902382549,AAPL
3/28/2017,18:27:06,0.940393864,AAPL
3/28/2017,18:27:12,-0.117220797,AAPL
3/28/2017,18:27:16,0.790910558,AAPL
3/28/2017,18:27:25,0.862376589,AAPL
3/28/2017,18:27:33,0.972497437,AAPL
3/28/2017,18:27:34,0.939869424,AAPL
3/28/2017,18:27:59,0.829392003,TSLA
3/28/2017,18:28:38,0.762750556,AAPL
3/28/2017,18:28:46,-0.118327347,AAPL
3/28/2017,18:28:46,0.996678087,AAPL
3/28/2017,18:28:48,0.937436072,AAPL
3/28/2017,18:28:55,0.732773547,AAPL
3/28/2017,18:29:06,0.950913901,AAPL
3/28/2017,18:29:16,0.977446857,AAPL
3/28/2017,18:29:23,0.9790372,AAPL
3/28/2017,18:29:28,0.164585311,AAPL
3/28/2017,18:29:48,0.845867286,AAPL
3/28/2017,18:29:48,0.161658772,AAPL
3/28/2017,18:29:49,0.953544435,AAPL
3/28/2017,18:29:55,0.897009867,AAPL
3/28/2017,18:29:57,0.976358651,AAPL
3/28/2017,18:30:01,0.085162177,TSLA
3/28/2017,18:30:03,0.95103667,AAPL
3/28/2017,18:30:03,0.998354285,AAPL
3/28/2017,18:30:09,0.954874642,AAPL
3/28/2017,18:30:14,0.976645522,AAPL
3/28/2017,18:30:22,0.864429622,AAPL
3/28/2017,18:30:39,0.79674341,AAPL
3/28/2017,18:30:42,0.986813841,AAPL
3/28/2017,18:30:53,0.986292738,AAPL
3/28/2017,18:31:12,0.960606934,AAPL
3/28/2017,18:31:16,0.775453257,AAPL
3/28/2017,18:31:34,0.919823713,AAPL
3/28/2017,18:31:37,-0.874836723,TSLA
3/28/2017,18:31:41,0.985051516,AAPL
3/28/2017,18:31:47,0.797745946,AAPL
3/28/2017,18:31:53,0.913827328,AAPL
3/28/2017,18:31:58,0.801374662,FB
3/28/2017,18:32:29,0.856119073,AAPL
3/28/2017,18:32:43,-0.932268472,TSLA
3/28/2017,18:33:05,0.113336133,AAPL
3/28/2017,18:33:21,0.783531204,AAPL
3/28/2017,18:33:24,0.169373129,AAPL
3/28/2017,18:33:25,0.876727557,FB
3/28/2017,18:33:32,0.953062865,AAPL
3/28/2017,18:33:44,0.90037116,AAPL
3/28/2017,18:33:46,0.847974135,AAPL
3/28/2017,18:33:46,0.946716649,AAPL
3/28/2017,18:33:56,0.884841978,AAPL
3/28/2017,18:34:04,0.868350747,AAPL
3/28/2017,18:34:05,0.815792068,FB
3/28/2017,18:34:08,0.73034575,TSLA
3/28/2017,18:34:32,0.737813547,TSLA
3/28/2017,18:34:40,0.856550349,TSLA
3/28/2017,18:35:06,0.989076613,TSLA
3/28/2017,18:35:31,0.869091347,AAPL
3/28/2017,18:35:39,0.946705389,AAPL
3/28/2017,18:35:41,0.918394462,AAPL
3/28/2017,18:36:04,0.155718101,AAPL
3/28/2017,18:36:22,0.827132972,AAPL
3/28/2017,18:36:44,0.992910755,AAPL
3/28/2017,18:37:20,0.858473386,TSLA
3/28/2017,18:38:46,-0.002432184,TSLA
3/28/2017,18:39:09,0.164810494,AAPL
3/28/2017,18:39:13,0.990925271,AAPL
3/28/2017,18:39:19,0.81550551,FB
3/28/2017,18:39:25,-0.920158303,TSLA
3/28/2017,18:40:28,0.122260125,TSLA
3/28/2017,18:40:39,0.954071619,AAPL
3/28/2017,18:40:49,0.93463653,AAPL
3/28/2017,18:40:50,-0.905362141,AAPL
3/28/2017,18:41:24,-0.7208256,TSLA
3/28/2017,18:41:39,0.023610839,FB
3/28/2017,18:41:47,0.851308664,FB
3/28/2017,18:41:57,-0.96665527,AAPL
3/28/2017,18:42:00,0.137825798,AAPL
3/28/2017,18:42:01,0.80450941,AAPL
3/28/2017,18:42:12,-0.013349007,TSLA
3/28/2017,18:42:29,0.760626508,AAPL
3/28/2017,18:43:32,0.033856176,FB
3/28/2017,18:43:58,-0.99927002,TSLA
3/28/2017,18:43:58,0.970773931,FB
3/28/2017,18:44:18,0.797745946,AAPL
3/28/2017,18:44:19,0.134242348,TSLA
3/28/2017,18:44:27,0.998979403,AAPL
3/28/2017,18:44:28,0.904310294,AAPL
3/28/2017,18:44:35,0.08794128,TSLA
3/28/2017,18:44:36,0.124687383,FB
3/28/2017,18:44:37,0.95467075,AAPL
3/28/2017,18:44:55,0.924015552,TSLA
3/28/2017,18:44:58,0.821205583,AAPL
3/28/2017,18:45:00,0.920332068,AAPL
3/28/2017,18:45:05,0.895139587,FB
3/28/2017,18:45:08,0.933859275,AAPL
3/28/2017,18:46:01,0.004399307,FB
3/28/2017,18:46:01,0.009609377,AAPL
3/28/2017,18:46:13,0.980986195,TSLA
3/28/2017,18:46:16,0.914179402,AAPL
3/28/2017,18:46:21,0.797745946,AAPL
3/28/2017,18:46:35,0.873912119,FB
3/28/2017,18:46:56,0.194939154,TSLA
3/28/2017,18:47:06,0.904746571,AAPL
3/28/2017,18:47:32,0.999660174,AAPL
3/28/2017,18:47:43,0.82340957,AAPL
3/28/2017,18:47:52,0.969081597,AAPL
3/28/2017,18:47:56,0.160403622,TSLA
3/28/2017,18:48:19,0.754387054,TSLA
3/28/2017,18:48:28,0.966991731,AAPL
3/28/2017,18:48:34,-0.99533076,TSLA
3/28/2017,18:48:48,0.930893754,FB
3/28/2017,18:49:17,0.784652598,AAPL
3/28/2017,18:49:17,0.922574845,AAPL
3/28/2017,18:49:19,0.934370989,AAPL
3/28/2017,18:49:35,0.130221326,AAPL
3/28/2017,18:49:40,0.097698899,FB
3/28/2017,18:49:42,0.854049989,AAPL
3/28/2017,18:49:44,0.876509763,FB
3/28/2017,18:49:48,0.83218384,FB
3/28/2017,18:49:50,0.988430386,TSLA
3/28/2017,18:49:51,0.195166612,TSLA
3/28/2017,18:49:57,-0.769541082,AAPL
3/28/2017,18:50:22,0.137595618,TSLA
3/28/2017,18:50:32,0.103627906,AAPL
3/28/2017,18:50:47,0.817951551,TSLA
3/28/2017,18:51:15,0.947741003,FB
3/28/2017,18:51:21,0.098040428,TSLA
3/28/2017,18:51:24,0.147413386,TSLA
3/28/2017,18:51:48,0.816991743,AAPL
3/28/2017,18:51:48,0.824050469,FB
3/28/2017,18:51:52,0.822521967,AAPL
3/28/2017,18:52:09,0.926357429,AAPL
3/28/2017,18:52:26,0.953424398,AAPL
3/28/2017,18:52:28,-0.133093623,AAPL
3/28/2017,18:53:23,0.918965222,FB
3/28/2017,18:53:28,0.874861962,AAPL
3/28/2017,18:53:34,0.794698637,TSLA
3/28/2017,18:53:36,0.977121122,FB
3/28/2017,18:53:47,-0.870076928,TSLA
3/28/2017,18:53:54,0.713823262,AAPL
3/28/2017,18:53:59,0.862757532,FB
3/28/2017,18:54:06,0.937812387,AAPL
3/28/2017,18:54:33,0.72301258,FB
3/28/2017,18:54:35,0.852699053,AAPL
3/28/2017,18:54:48,0.091674044,TSLA
3/28/2017,18:55:01,0.183153046,TSLA
3/28/2017,18:55:11,-0.720037365,TSLA
3/28/2017,18:55:21,0.78540653,AAPL
3/28/2017,18:55:23,0.07279976,TSLA
3/28/2017,18:55:31,0.913849412,AAPL
3/28/2017,18:55:50,0.174522276,TSLA
3/28/2017,18:55:52,0.792506254,TSLA
3/28/2017,18:55:54,0.060259711,TSLA
3/28/2017,18:56:14,0.97188622,FB
3/28/2017,18:56:23,-0.748281494,TSLA
3/28/2017,18:56:41,0.006516343,AAPL
3/28/2017,18:56:55,0.982533224,AAPL
3/28/2017,18:57:26,0.101510008,FB
3/28/2017,18:57:32,0.170022457,AAPL
3/28/2017,18:57:37,0.990918863,AAPL
3/28/2017,18:57:49,0.987763992,AAPL
3/28/2017,18:57:56,0.906158409,AAPL
3/28/2017,18:58:18,0.974134551,TSLA
3/28/2017,18:58:20,0.726990106,FB
3/28/2017,18:58:28,-0.94776856,TSLA
3/28/2017,18:58:48,0.094828891,FB
3/28/2017,18:58:54,-0.999180517,TSLA
3/28/2017,18:59:10,0.951444337,AAPL
3/28/2017,18:59:31,0.87702249,TSLA
3/28/2017,18:59:41,0.956887959,TSLA
3/28/2017,18:59:52,-0.902645707,TSLA
3/28/2017,19:00:04,0.970167158,FB
3/28/2017,19:00:21,0.755784845,FB
3/28/2017,19:00:32,0.978487491,AAPL
3/28/2017,19:00:33,0.888573848,AAPL
3/28/2017,19:00:46,0.83146206,FB
3/28/2017,19:00:54,0.059402814,TSLA
3/28/2017,19:01:07,0.99139306,AAPL
3/28/2017,19:01:22,0.986130919,AAPL
3/28/2017,19:01:25,0.985681936,AAPL
3/28/2017,19:01:28,0.903009953,FB
3/28/2017,19:01:35,0.80450997,FB
3/28/2017,19:01:57,0.189710568,TSLA
3/28/2017,19:01:57,0.893087191,AAPL
3/28/2017,19:02:02,0.164467217,AAPL
3/28/2017,19:02:20,-0.05983579,TSLA
3/28/2017,19:02:52,0.062936346,FB
3/28/2017,19:03:13,0.76467709,AAPL
3/28/2017,19:03:43,0.778648042,AAPL
3/28/2017,19:03:46,0.946549513,AAPL
3/28/2017,19:03:48,0.999563527,AAPL
3/28/2017,19:04:07,0.954785836,FB
3/28/2017,19:04:19,-0.832843435,AAPL
3/28/2017,19:04:46,0.940317283,FB
3/28/2017,19:04:51,0.927152824,TSLA
3/28/2017,19:04:56,0.858986663,AAPL
3/28/2017,19:04:57,0.194707222,FB
3/28/2017,19:05:08,0.944647987,AAPL
3/28/2017,19:06:20,0.975632733,AAPL
3/28/2017,19:06:49,-0.189453052,TSLA
3/28/2017,19:06:54,0.987367431,AAPL
3/28/2017,19:06:55,0.181593754,AAPL
3/28/2017,19:07:07,0.872179576,FB
3/28/2017,19:07:16,0.82580967,AAPL
3/28/2017,19:07:28,0.943662607,AAPL
3/28/2017,19:07:30,0.953579001,AAPL
3/28/2017,19:07:49,0.839898454,AAPL
3/28/2017,19:08:02,-0.977144148,TSLA
3/28/2017,19:08:07,0.049750325,AAPL
3/28/2017,19:08:14,0.992471549,AAPL
3/28/2017,19:08:22,0.999385441,AAPL
3/28/2017,19:08:24,0.033176535,TSLA
3/28/2017,19:08:27,0.950571004,FB
3/28/2017,19:08:46,0.991669547,FB
3/28/2017,19:08:48,0.180046206,AAPL
3/28/2017,19:08:53,-0.855983178,TSLA
3/28/2017,19:09:07,0.187803139,TSLA
3/28/2017,19:09:13,0.994612196,AAPL
3/28/2017,19:09:16,0.904110465,AAPL
3/28/2017,19:10:00,0.014674489,TSLA
3/28/2017,19:10:08,0.998327766,FB
3/28/2017,19:10:08,-0.995034384,TSLA
3/28/2017,19:10:13,0.086527202,AAPL
3/28/2017,19:10:25,0.926832504,TSLA
3/28/2017,19:10:44,0.991785812,AAPL
3/28/2017,19:10:56,0.894663875,AAPL
3/28/2017,19:10:59,0.890818589,AAPL
3/28/2017,19:11:16,0.766688278,AAPL
3/28/2017,19:11:24,0.947624953,TSLA
3/28/2017,19:11:49,0.777002061,AAPL
3/28/2017,19:12:35,0.776542256,TSLA
3/28/2017,19:12:50,0.996069631,AAPL
3/28/2017,19:12:57,0.908822226,AAPL
3/28/2017,19:13:03,0.059982314,TSLA
3/28/2017,19:13:22,0.947663507,AAPL
3/28/2017,19:13:35,-0.840379363,TSLA
3/28/2017,19:13:42,0.919798604,AAPL
3/28/2017,19:14:17,0.700562255,TSLA
3/28/2017,19:14:48,0.118588159,TSLA
3/28/2017,19:14:49,0.915097689,AAPL
3/28/2017,19:14:49,0.988302652,AAPL
3/28/2017,19:15:10,0.980137625,AAPL
3/28/2017,19:15:25,0.932000255,AAPL
3/28/2017,19:15:31,0.940067645,FB
3/28/2017,19:16:09,0.968319518,FB
3/28/2017,19:16:09,0.830042094,TSLA
3/28/2017,19:16:17,0.939445755,AAPL
3/28/2017,19:16:17,0.135890292,FB
3/28/2017,19:16:44,0.953251497,TSLA
3/28/2017,19:16:57,0.939193448,FB
3/28/2017,19:17:10,-0.755214618,AAPL
3/28/2017,19:17:11,0.976090961,AAPL
3/28/2017,19:17:12,0.961924797,TSLA
3/28/2017,19:17:44,0.966332,TSLA
3/28/2017,19:17:49,0.9026693,TSLA
3/28/2017,19:18:08,0.998294689,TSLA
3/28/2017,19:18:25,0.036038489,AAPL
3/28/2017,19:18:49,0.935337159,AAPL
3/28/2017,19:19:16,0.878679016,AAPL
3/28/2017,19:19:22,0.993692121,TSLA
3/28/2017,19:19:24,0.972803939,TSLA
3/28/2017,19:19:25,0.992975246,AAPL
3/28/2017,19:19:38,0.183581572,TSLA
3/28/2017,19:19:58,-0.868466508,AAPL
3/28/2017,19:20:13,0.997128761,AAPL
3/28/2017,19:20:33,0.995327589,AAPL
3/28/2017,19:20:41,0.174530664,TSLA
3/28/2017,19:20:51,-0.936180154,AAPL
3/28/2017,19:20:53,0.816706478,FB
3/28/2017,19:21:05,0.997801654,AAPL
3/28/2017,19:21:09,0.98797676,FB
3/28/2017,19:21:10,0.910334378,AAPL
3/28/2017,19:21:18,0.979013781,TSLA
3/28/2017,19:21:19,0.877265648,AAPL
3/28/2017,19:21:26,0.795457882,TSLA
3/28/2017,19:21:42,0.953280381,TSLA
3/28/2017,19:22:07,0.972854474,AAPL
3/28/2017,19:22:31,-0.825723799,TSLA
3/28/2017,19:22:45,-0.097593091,TSLA
3/28/2017,19:22:46,0.132358852,FB
3/28/2017,19:23:01,0.823077096,AAPL
3/28/2017,19:24:42,-0.199820524,AAPL
3/28/2017,19:24:57,0.842576802,FB
3/28/2017,19:24:59,0.991518006,AAPL
3/28/2017,19:25:02,0.979823548,TSLA
3/28/2017,19:25:23,0.104459431,TSLA
3/28/2017,19:25:45,-0.047806996,TSLA
3/28/2017,19:25:50,0.803388506,TSLA
3/28/2017,19:25:54,0.814991553,AAPL
3/28/2017,19:26:05,-0.072071025,FB
3/28/2017,19:26:56,-0.1206486,AAPL
3/28/2017,19:26:56,-0.753482969,TSLA
3/28/2017,19:27:22,0.829392003,FB
3/28/2017,19:27:22,-0.156957538,FB
3/28/2017,19:27:58,0.978877072,AAPL
3/28/2017,19:28:21,0.130598248,AAPL
3/28/2017,19:28:30,0.977394156,AAPL
3/28/2017,19:28:41,0.936627811,AAPL
3/28/2017,19:28:43,0.103908134,FB
3/28/2017,19:28:59,0.940058668,AAPL
3/28/2017,19:29:27,0.905537607,AAPL
3/28/2017,19:29:39,0.850497706,FB
3/28/2017,19:29:47,0.960279994,TSLA
3/28/2017,19:30:11,0.929289775,TSLA
3/28/2017,19:30:25,0.851728741,TSLA
3/28/2017,19:30:32,-0.962120873,AAPL
3/28/2017,19:30:53,0.137949401,TSLA
3/28/2017,19:31:29,0.901534011,TSLA
3/28/2017,19:32:10,0.99895308,AAPL
3/28/2017,19:32:11,-0.979344143,TSLA
3/28/2017,19:32:17,0.95430891,FB
3/28/2017,19:32:40,-0.775272058,TSLA
3/28/2017,19:32:47,0.973660079,TSLA
3/28/2017,19:33:19,0.972261637,TSLA
3/28/2017,19:33:24,0.891753657,AAPL
3/28/2017,19:33:42,0.983980835,TSLA
3/28/2017,19:34:10,0.0315094,TSLA
3/28/2017,19:34:13,0.849108982,TSLA
3/28/2017,19:34:33,0.765554529,FB
3/28/2017,19:35:00,0.885472856,AAPL
3/28/2017,19:35:16,0.037713488,AAPL
3/28/2017,19:35:25,0.844845292,AAPL
3/28/2017,19:35:26,-0.09589483,TSLA
3/28/2017,19:35:56,0.735111567,TSLA
3/28/2017,19:35:59,0.848725645,AAPL
3/28/2017,19:36:12,0.151730032,TSLA
3/28/2017,19:36:15,-0.00933054,TSLA
3/28/2017,19:36:25,-0.999128839,TSLA
3/28/2017,19:36:30,0.01264026,FB
3/28/2017,19:36:34,0.988949589,AAPL
3/28/2017,19:36:41,0.920506046,AAPL
3/28/2017,19:36:46,0.999278767,AAPL
3/28/2017,19:36:47,0.042011554,TSLA
3/28/2017,19:36:49,-0.098040405,TSLA
3/28/2017,19:37:07,0.706043964,FB
3/28/2017,19:37:09,-0.785048768,TSLA
3/28/2017,19:37:11,0.06147816,TSLA
3/28/2017,19:37:18,0.947714825,AAPL
3/28/2017,19:37:37,-0.80788154,TSLA
3/28/2017,19:38:08,-0.996905188,TSLA
3/28/2017,19:38:16,0.05705413,TSLA
3/28/2017,19:38:18,0.157149255,TSLA
3/28/2017,19:39:16,0.179439744,FB
3/28/2017,19:39:37,-0.702492903,AAPL
3/28/2017,19:39:39,0.768906204,FB
3/28/2017,19:40:17,0.830877767,TSLA
3/28/2017,19:40:41,0.757284547,AAPL
3/28/2017,19:40:52,0.799485549,AAPL
3/28/2017,19:40:56,0.942076726,AAPL
3/28/2017,19:41:08,0.139859695,AAPL
3/28/2017,19:41:19,0.167151338,AAPL
3/28/2017,19:41:30,0.170022457,AAPL
3/28/2017,19:41:35,0.910948494,AAPL
3/28/2017,19:41:47,0.77991015,AAPL
3/28/2017,19:41:58,0.98156149,AAPL
3/28/2017,19:42:00,0.766141782,TSLA
3/28/2017,19:42:17,0.726990106,AAPL
3/28/2017,19:42:18,-0.006269324,FB
3/28/2017,19:42:33,0.955960743,AAPL
3/28/2017,19:42:34,0.836712032,AAPL
3/28/2017,19:42:51,0.141007566,TSLA
3/28/2017,19:42:53,-0.018583377,TSLA
3/28/2017,19:43:00,0.855828889,FB
3/28/2017,19:43:15,0.84811435,AAPL
3/28/2017,19:43:16,0.863456426,AAPL
3/28/2017,19:43:23,0.967102455,AAPL
3/28/2017,19:43:28,0.183812449,TSLA
3/28/2017,19:43:50,0.112683561,AAPL
3/28/2017,19:43:52,0.797745946,AAPL
3/28/2017,19:44:14,0.153447089,AAPL
3/28/2017,19:44:29,0.178117318,AAPL
3/28/2017,19:44:41,0.962646493,FB
3/28/2017,19:44:59,0.960136574,FB
3/28/2017,19:45:30,0.806340688,AAPL
3/28/2017,19:45:45,0.993411881,AAPL
3/28/2017,19:45:48,0.962562234,FB
3/28/2017,19:46:03,-0.803487094,AAPL
3/28/2017,19:46:05,0.741571333,AAPL
3/28/2017,19:46:07,-0.07746778,TSLA
3/28/2017,19:46:41,0.86451608,TSLA
3/28/2017,19:46:57,0.702021667,AAPL
3/28/2017,19:47:02,-0.066425048,FB
3/28/2017,19:47:10,0.905273309,TSLA
3/28/2017,19:47:27,0.998510539,AAPL
3/28/2017,19:47:31,0.99852697,FB
3/28/2017,19:47:37,0.813878601,FB
3/28/2017,19:47:47,0.151730032,TSLA
3/28/2017,19:48:15,0.955826948,TSLA
3/28/2017,19:48:17,0.905867959,AAPL
3/28/2017,19:48:45,0.110646571,TSLA
3/28/2017,19:48:49,0.930816737,TSLA
3/28/2017,19:48:50,0.973410542,AAPL
3/28/2017,19:49:29,0.894200314,AAPL
3/28/2017,19:49:29,0.098658961,FB
3/28/2017,19:49:34,0.865229188,AAPL
3/28/2017,19:49:48,0.902872215,AAPL
3/28/2017,19:50:03,-0.026476213,TSLA
3/28/2017,19:50:12,0.947621488,AAPL
3/28/2017,19:50:28,0.794206931,FB
3/28/2017,19:50:56,0.832384093,TSLA
3/28/2017,19:51:51,0.919543072,AAPL
3/28/2017,19:51:55,0.95005698,AAPL
3/28/2017,19:52:08,0.962483169,FB
3/28/2017,19:52:27,0.922613428,AAPL
3/28/2017,19:52:52,0.773156256,FB
3/28/2017,19:53:10,0.938868895,AAPL
3/28/2017,19:53:20,0.753211003,AAPL
3/28/2017,19:53:33,0.953192739,TSLA
3/28/2017,19:53:44,0.914819643,FB
3/28/2017,19:53:58,0.885353046,AAPL
3/28/2017,19:54:07,0.978855635,AAPL
3/28/2017,19:54:18,0.796267659,AAPL
3/28/2017,19:54:34,0.826274474,TSLA
3/28/2017,19:54:39,0.951454833,TSLA
3/28/2017,19:54:39,-0.106348521,AAPL
3/28/2017,19:55:01,0.742936186,TSLA
3/28/2017,19:55:06,0.901875069,TSLA
3/28/2017,19:55:11,-0.891488815,TSLA
3/28/2017,19:55:38,0.854212932,AAPL
3/28/2017,19:55:49,0.792743083,FB
3/28/2017,19:56:23,0.982287139,AAPL
3/28/2017,19:56:33,0.100052379,FB
3/28/2017,19:56:35,0.955508067,TSLA
3/28/2017,19:56:37,0.848996846,AAPL
3/28/2017,19:57:04,0.707404204,FB
3/28/2017,19:57:16,0.912240688,AAPL
3/28/2017,19:58:01,0.972016742,TSLA
3/28/2017,19:58:38,0.969233963,AAPL
3/28/2017,19:58:41,0.935233244,AAPL
3/28/2017,19:58:47,0.960606646,TSLA
3/28/2017,19:58:48,0.955033958,AAPL
3/28/2017,19:58:49,0.92608746,FB
3/28/2017,19:59:00,0.947251769,AAPL
3/28/2017,19:59:00,0.196391736,TSLA
3/28/2017,19:59:09,0.756487568,TSLA
3/28/2017,19:59:12,0.185860726,AAPL
3/28/2017,19:59:19,-0.897257114,AAPL
3/28/2017,19:59:20,0.943309435,TSLA
3/28/2017,19:59:44,-0.826185054,TSLA
3/28/2017,19:59:51,0.864262013,TSLA
3/28/2017,20:00:35,-0.122433077,FB
3/28/2017,20:00:40,0.199758795,TSLA
3/28/2017,20:00:43,0.101354851,AAPL
3/28/2017,20:00:45,0.997155435,TSLA
3/28/2017,20:01:28,-0.960318928,TSLA
3/28/2017,20:01:46,0.146477134,FB
3/28/2017,20:01:47,0.933082619,FB
3/28/2017,20:01:47,0.997801979,AAPL
3/28/2017,20:01:59,0.904268196,FB
3/28/2017,20:02:24,0.147373355,TSLA
3/28/2017,20:02:31,0.919473022,AAPL
3/28/2017,20:02:46,0.988187915,TSLA
3/28/2017,20:04:18,0.732024981,AAPL
3/28/2017,20:04:36,0.998152637,AAPL
3/28/2017,20:04:42,-0.114223967,AAPL
3/28/2017,20:04:54,0.903482956,AAPL
3/28/2017,20:05:25,0.817438924,AAPL
3/28/2017,20:06:15,0.132190575,FB
3/28/2017,20:06:24,0.966101522,AAPL
3/28/2017,20:07:06,0.873951861,AAPL
3/28/2017,20:07:26,-0.723754721,TSLA
3/28/2017,20:08:04,0.836526266,FB
3/28/2017,20:08:08,0.805727531,AAPL
3/28/2017,20:09:11,0.976011954,AAPL
3/28/2017,20:09:49,0.860846481,FB
3/28/2017,20:11:03,-0.731144915,AAPL
3/28/2017,20:11:15,0.152232175,AAPL
3/28/2017,20:11:31,0.964568042,TSLA
3/28/2017,20:11:48,0.771371166,TSLA
3/28/2017,20:12:01,0.980171973,AAPL
3/28/2017,20:12:12,0.744769853,TSLA
3/28/2017,20:12:14,0.912290193,FB
3/28/2017,20:12:41,0.182722257,FB
3/28/2017,20:13:00,0.971900275,AAPL
3/28/2017,20:13:05,0.768931105,TSLA
3/28/2017,20:13:06,0.904383389,AAPL
3/28/2017,20:13:19,0.999233238,FB
3/28/2017,20:14:02,-0.130022039,TSLA
3/28/2017,20:14:10,0.744300497,AAPL
3/28/2017,20:14:52,0.999088553,AAPL
3/28/2017,20:15:09,0.808542301,FB
3/28/2017,20:15:20,0.961906817,TSLA
3/28/2017,20:15:33,0.965075914,AAPL
3/28/2017,20:15:38,-0.709884321,TSLA
3/28/2017,20:17:15,0.181298486,AAPL
3/28/2017,20:17:25,0.802058112,TSLA
3/28/2017,20:17:25,0.861800524,TSLA
3/28/2017,20:18:19,0.83046835,AAPL
3/28/2017,20:18:31,0.970880927,FB
3/28/2017,20:19:25,0.163225687,TSLA
3/28/2017,20:19:53,0.942370613,TSLA
3/28/2017,20:20:00,0.959692534,TSLA
3/28/2017,20:20:20,0.135442383,TSLA
3/28/2017,20:20:42,-0.935121968,TSLA
3/28/2017,20:20:55,0.759158551,TSLA
3/28/2017,20:21:52,-0.783468757,TSLA
3/28/2017,20:22:45,-0.973485551,FB
3/28/2017,20:23:11,0.995865714,AAPL
3/28/2017,20:23:46,0.95799357,AAPL
3/28/2017,20:24:01,-0.089178348,TSLA
3/28/2017,20:24:53,0.836994706,TSLA
3/28/2017,20:24:55,0.999635662,AAPL
3/28/2017,20:25:30,0.940026344,TSLA
3/28/2017,20:25:43,-0.743745459,TSLA
3/28/2017,20:25:57,0.901190417,AAPL
3/28/2017,20:26:13,-0.131073719,AAPL
3/28/2017,20:26:19,0.873647535,FB
3/28/2017,20:27:13,-0.898470184,AAPL
3/28/2017,20:27:49,0.822298566,AAPL
3/28/2017,20:27:54,0.120883933,TSLA
3/28/2017,20:28:38,0.999942526,AAPL
3/28/2017,20:29:11,0.996385631,AAPL
3/28/2017,20:29:53,0.773413026,FB
3/28/2017,20:29:58,0.950868117,AAPL
3/28/2017,20:30:10,0.797745946,AAPL
3/28/2017,20:30:25,-0.884995259,AAPL
3/28/2017,20:31:03,-0.77896883,TSLA
3/28/2017,20:31:24,0.920955298,FB
3/28/2017,20:31:56,0.727988007,TSLA
3/28/2017,20:32:42,0.949524232,TSLA
3/28/2017,20:33:27,0.976811769,FB
3/28/2017,20:33:27,-0.124929751,TSLA
3/28/2017,20:34:03,0.821394705,FB
3/28/2017,20:35:05,0.999970132,FB
3/28/2017,20:35:53,0.09704305,AAPL
3/28/2017,20:37:08,0.032223294,FB
3/28/2017,20:37:12,0.822763891,AAPL
3/28/2017,20:37:53,0.786526514,AAPL
3/28/2017,20:37:58,0.968422042,AAPL
3/28/2017,20:39:16,0.993475012,AAPL
3/28/2017,20:40:27,0.933726024,AAPL
3/28/2017,20:42:30,0.98188649,AAPL
3/28/2017,20:42:45,0.861056601,FB
3/28/2017,20:42:52,0.975304797,TSLA
3/28/2017,20:43:10,0.894492124,AAPL
3/28/2017,20:44:04,0.979568126,TSLA
3/28/2017,20:44:17,0.896834035,AAPL
3/28/2017,20:45:10,0.794883284,AAPL
3/28/2017,20:45:46,0.863702649,TSLA
3/28/2017,20:45:56,0.999981578,FB
3/28/2017,20:46:28,0.821897391,AAPL
3/28/2017,20:47:42,-0.725128239,AAPL
3/28/2017,20:48:22,-0.109629442,AAPL
3/28/2017,20:48:25,0.99598764,TSLA
3/28/2017,20:50:19,0.915184449,AAPL
3/28/2017,20:50:27,0.728123738,FB
3/28/2017,20:51:03,0.957748361,AAPL
3/28/2017,20:52:13,0.976876242,FB
3/28/2017,20:52:22,0.999752462,AAPL
3/28/2017,20:52:40,0.990916678,FB
3/28/2017,20:54:06,0.813261153,TSLA
3/28/2017,20:55:16,0.751760149,FB
3/28/2017,20:55:34,0.870363823,FB
3/28/2017,20:56:48,0.763964258,FB
3/28/2017,20:57:31,0.87439941,AAPL
3/28/2017,20:57:33,0.710507898,TSLA
3/28/2017,20:58:07,0.154017498,TSLA
3/28/2017,20:59:02,0.015764536,TSLA
3/28/2017,21:00:22,0.950515323,AAPL
3/28/2017,21:02:02,0.819128245,FB
3/28/2017,21:03:12,0.853128852,TSLA
3/28/2017,21:04:06,0.03947773,FB
3/28/2017,21:04:19,0.969335082,AAPL
3/28/2017,21:04:22,0.195633197,FB
3/28/2017,21:04:34,0.032223294,FB
3/28/2017,21:05:32,0.748843067,FB
3/28/2017,21:06:07,0.99989222,FB
3/28/2017,21:06:30,0.939895143,TSLA
3/28/2017,21:06:37,0.984565804,FB
3/28/2017,21:06:45,0.764567195,AAPL
3/28/2017,21:07:30,0.172134737,FB
3/28/2017,21:07:40,0.998933921,AAPL
3/28/2017,21:07:40,0.94677778,AAPL
3/28/2017,21:08:19,0.831189885,TSLA
3/28/2017,21:08:40,-0.920650911,AAPL
3/28/2017,21:09:04,0.784152484,AAPL
3/28/2017,21:10:41,0.723735226,FB
3/28/2017,21:11:21,-0.718454574,AAPL
3/28/2017,21:11:26,0.985492178,AAPL
3/28/2017,21:11:57,0.933280458,AAPL
3/28/2017,21:12:36,0.873820608,AAPL
3/28/2017,21:12:51,0.039239088,AAPL
3/28/2017,21:12:56,0.9548498,FB
3/28/2017,21:13:00,0.06009474,TSLA
3/28/2017,21:13:42,0.971229311,AAPL
3/28/2017,21:14:04,0.876574962,AAPL
3/28/2017,21:14:47,0.969775627,AAPL
3/28/2017,21:16:06,-0.150533895,TSLA
3/28/2017,21:17:13,-0.918819217,TSLA
3/28/2017,21:17:29,0.954839774,TSLA
3/28/2017,21:17:48,0.873877629,TSLA
3/28/2017,21:18:05,0.964161273,FB
3/28/2017,21:19:44,0.932659245,TSLA
3/28/2017,21:21:16,0.855102161,FB
3/28/2017,21:23:31,0.983422697,FB
3/28/2017,21:26:20,-0.028723269,FB
3/28/2017,21:26:34,-0.881075931,TSLA
3/28/2017,21:27:11,0.964060266,TSLA
3/28/2017,21:28:06,-0.095780374,TSLA
3/28/2017,21:28:31,0.959353054,FB
3/28/2017,21:28:59,0.843486532,TSLA
3/28/2017,21:29:13,0.999276829,AAPL
3/28/2017,21:29:23,0.191266375,AAPL
3/28/2017,21:29:43,0.797745946,AAPL
3/28/2017,21:30:19,0.998232846,AAPL
3/28/2017,21:30:49,-0.813931292,AAPL
3/28/2017,21:31:43,0.023911172,TSLA
3/28/2017,21:33:18,0.959850154,AAPL
3/28/2017,21:36:45,0.048448678,AAPL
3/28/2017,21:36:54,0.977249178,AAPL
3/28/2017,21:36:58,-0.776725615,TSLA
3/28/2017,21:37:19,0.740345786,FB
3/28/2017,21:37:45,0.874520901,TSLA
3/28/2017,21:38:11,0.841696597,TSLA
3/28/2017,21:39:23,0.809889114,AAPL
3/28/2017,21:39:26,0.981337476,TSLA
3/28/2017,21:40:51,0.948252562,FB
3/28/2017,21:42:09,0.989667622,AAPL
3/28/2017,21:42:49,0.151828395,AAPL
3/28/2017,21:43:37,0.990503612,AAPL
3/28/2017,21:44:18,0.767750857,FB
3/28/2017,21:44:56,0.924885939,FB
3/28/2017,21:45:39,0.115563112,TSLA
3/28/2017,21:48:54,0.941461575,AAPL
3/28/2017,21:49:34,0.971987831,AAPL
3/28/2017,21:49:37,0.933055702,TSLA
3/28/2017,21:49:45,-0.042610862,TSLA
3/28/2017,21:50:17,-0.008107831,TSLA
3/28/2017,21:50:49,0.783781889,AAPL
3/28/2017,21:51:43,0.914424651,TSLA
3/28/2017,21:51:51,0.822990481,TSLA
3/28/2017,21:51:57,0.822619317,AAPL
3/28/2017,21:53:51,0.745272261,FB
3/28/2017,21:53:55,0.999288662,AAPL
3/28/2017,21:54:52,0.984264448,AAPL
3/28/2017,21:56:13,0.878562191,AAPL
3/28/2017,21:57:32,0.067595415,FB
3/28/2017,21:59:56,0.932793583,AAPL
3/28/2017,22:02:21,0.961898816,FB
3/28/2017,22:05:20,0.984845272,TSLA
3/28/2017,22:05:27,-0.116748646,AAPL
3/28/2017,22:05:34,0.18567195,TSLA
3/28/2017,22:05:59,-0.005238689,TSLA
3/28/2017,22:06:53,0.998046887,AAPL
3/28/2017,22:06:54,0.839819605,TSLA
3/28/2017,22:07:19,0.971039346,FB
3/28/2017,22:07:23,0.942646499,AAPL
3/28/2017,22:07:55,0.1956943,FB
3/28/2017,22:08:22,0.815368463,FB
3/28/2017,22:08:55,0.151730032,TSLA
3/28/2017,22:13:09,-0.12888905,TSLA
3/28/2017,22:14:22,0.961931677,TSLA
3/28/2017,22:14:40,-0.996714313,TSLA
3/28/2017,22:16:30,0.032223294,FB
3/28/2017,22:17:57,0.08591506,TSLA
3/28/2017,22:19:00,0.15540157,TSLA
3/28/2017,22:19:08,0.999073038,AAPL
3/28/2017,22:19:13,-0.105160598,TSLA
3/28/2017,22:19:56,0.893420976,AAPL
3/28/2017,22:21:01,0.815456737,TSLA
3/28/2017,22:22:58,0.091009126,TSLA
3/28/2017,22:23:26,-0.846714091,TSLA
3/28/2017,22:23:30,0.958903507,TSLA
3/28/2017,22:23:47,-0.720687203,AAPL
3/28/2017,22:23:56,0.8008398,FB
3/28/2017,22:24:37,-0.072008019,AAPL
3/28/2017,22:27:22,0.884662706,TSLA
3/28/2017,22:27:26,0.966116242,AAPL
3/28/2017,22:29:14,-0.741406869,TSLA
3/28/2017,22:29:17,0.877917863,AAPL
3/28/2017,22:30:29,-0.004538562,FB
3/28/2017,22:30:57,0.122866896,TSLA
3/28/2017,22:30:58,0.841315825,TSLA
3/28/2017,22:31:28,0.956636489,TSLA
3/28/2017,22:31:33,0.913235612,AAPL
3/28/2017,22:32:22,0.88976576,TSLA
3/28/2017,22:33:55,0.151730032,TSLA
3/28/2017,22:34:49,0.957997844,TSLA
3/28/2017,22:35:20,0.73606069,TSLA
3/28/2017,22:37:58,0.830806282,FB
3/28/2017,22:38:49,0.921164789,TSLA
3/28/2017,22:39:05,0.148900007,TSLA
3/28/2017,22:40:11,0.944658217,TSLA
3/28/2017,22:40:14,0.840257039,AAPL
3/28/2017,22:42:57,0.726990106,FB
3/28/2017,22:44:09,0.746331848,TSLA
3/28/2017,22:44:48,-0.865574096,TSLA
3/28/2017,22:45:15,0.153061693,TSLA
3/28/2017,22:47:10,0.77163512,TSLA
3/28/2017,22:53:48,0.876332402,FB
3/28/2017,22:54:01,0.999921542,TSLA
3/28/2017,22:54:27,0.994027402,AAPL
3/28/2017,22:56:06,-0.095764216,AAPL
3/28/2017,22:56:07,0.769140902,AAPL
3/28/2017,22:56:47,0.955234497,FB
3/28/2017,22:57:40,0.969775176,FB
3/28/2017,22:57:54,0.9789885,AAPL
3/28/2017,22:59:12,0.998850001,AAPL
3/28/2017,22:59:17,0.788704813,FB
3/28/2017,22:59:35,-0.795798382,FB
3/28/2017,23:00:30,0.877358286,FB
3/28/2017,23:00:45,0.958469831,AAPL
3/28/2017,23:01:52,0.190192217,TSLA
3/28/2017,23:01:56,0.905593354,TSLA
3/28/2017,23:02:20,0.996367542,AAPL
3/28/2017,23:02:43,0.758683532,TSLA
3/28/2017,23:02:43,0.70520336,TSLA
3/28/2017,23:04:38,0.995107583,TSLA
3/28/2017,23:04:55,0.929170494,FB
3/28/2017,23:05:43,0.974210548,TSLA
3/28/2017,23:05:44,0.997474571,AAPL
3/28/2017,23:05:48,0.045948234,TSLA
3/28/2017,23:06:31,-0.751518413,FB
3/28/2017,23:08:43,0.986524966,AAPL
3/28/2017,23:12:18,0.960563736,TSLA
3/28/2017,23:15:45,-0.815148477,FB
3/28/2017,23:18:20,0.140444264,FB
3/28/2017,23:18:59,0.885433037,TSLA
3/28/2017,23:21:12,0.973617929,AAPL
3/28/2017,23:21:19,0.972193412,AAPL
3/28/2017,23:21:57,0.755875612,TSLA
3/28/2017,23:21:58,0.968611212,TSLA
3/28/2017,23:23:10,-0.086454756,FB
3/28/2017,23:23:17,0.903064231,TSLA
3/28/2017,23:23:28,-0.051896345,TSLA
3/28/2017,23:24:17,-0.069501843,TSLA
3/28/2017,23:29:26,0.07103463,TSLA
3/28/2017,23:30:06,-0.932690706,AAPL
3/28/2017,23:32:26,0.990852776,AAPL
3/28/2017,23:33:45,0.921422338,TSLA
3/28/2017,23:33:57,0.161918265,AAPL
3/28/2017,23:35:52,0.998152529,FB
3/28/2017,23:35:59,0.940096159,TSLA
3/28/2017,23:37:52,0.951795129,TSLA
3/28/2017,23:38:43,0.194902309,TSLA
3/28/2017,23:39:12,0.952432801,TSLA
3/28/2017,23:40:52,0.155582318,FB
3/28/2017,23:40:55,0.93532982,FB
3/28/2017,23:42:03,0.164487181,FB
3/28/2017,23:42:34,-0.849277638,AAPL
3/28/2017,23:42:59,0.977669956,TSLA
3/28/2017,23:43:28,0.753214157,TSLA
3/28/2017,23:45:42,0.989139434,FB
3/28/2017,23:48:05,0.712413562,TSLA
3/28/2017,23:48:08,0.870154377,FB
3/28/2017,23:50:27,0.992168217,AAPL
3/28/2017,23:52:50,-0.116660249,TSLA
3/28/2017,23:52:54,-0.981849751,AAPL
3/28/2017,23:53:41,0.958561026,AAPL
3/28/2017,23:58:36,0.949209859,AAPL
